26287;1;f;MUUTON_AIKAINEN_LEPAILYALUE;NO;NO;f;NO;NO;NO;NO;NO;NO;NO;NO;NO;NO;NO;NO;NO;NO
26287;1;f;KOIRAN_RIISTATYO;YES;VOLUNTARY;f;VOLUNTARY;VOLUNTARY;VOLUNTARY;NO;NO;VOLUNTARY;NO;NO;NO;NO;NO;NO;NO;NO
26287;1;f;AANI;YES;VOLUNTARY;f;VOLUNTARY;NO;NO;NO;NO;NO;NO;NO;NO;NO;NO;NO;NO;NO
26287;1;f;NAKO;YES;VOLUNTARY;f;VOLUNTARY;VOLUNTARY;VOLUNTARY;NO;NO;VOLUNTARY;NO;NO;NO;NO;NO;NO;NO;NO
26287;1;f;RIISTAKAMERA;YES;VOLUNTARY;f;VOLUNTARY;VOLUNTARY;NO;NO;NO;VOLUNTARY;NO;NO;NO;NO;NO;NO;NO;NO
26287;1;f;MUU;VOLUNTARY;VOLUNTARY;f;VOLUNTARY;NO;NO;NO;NO;NO;NO;NO;NO;NO;NO;NO;NO;NO
26287;1;f;ULOSTE;NO;NO;f;NO;NO;NO;NO;NO;NO;NO;NO;NO;NO;NO;NO;NO;NO
26287;1;f;PESA;NO;NO;f;NO;NO;NO;NO;NO;NO;NO;NO;NO;NO;NO;NO;NO;NO
26287;1;f;PESIMASUO;NO;NO;f;NO;NO;NO;NO;NO;NO;NO;NO;NO;NO;NO;NO;NO;NO
26291;1;f;NAKO;YES;VOLUNTARY;f;VOLUNTARY;VOLUNTARY;VOLUNTARY;NO;NO;VOLUNTARY;NO;NO;NO;NO;NO;NO;NO;NO
26291;1;f;RIISTAKAMERA;YES;VOLUNTARY;f;VOLUNTARY;VOLUNTARY;NO;NO;NO;VOLUNTARY;NO;NO;NO;NO;NO;NO;NO;NO
26291;1;f;KOIRAN_RIISTATYO;YES;VOLUNTARY;f;VOLUNTARY;VOLUNTARY;VOLUNTARY;NO;NO;VOLUNTARY;NO;NO;NO;NO;NO;NO;NO;NO
26291;1;f;PESA;NO;NO;f;NO;NO;NO;NO;NO;NO;NO;NO;NO;NO;NO;NO;NO;NO
26291;1;f;MUU;VOLUNTARY;VOLUNTARY;f;VOLUNTARY;NO;NO;NO;NO;NO;NO;NO;NO;NO;NO;NO;NO;NO
26291;1;f;MUUTON_AIKAINEN_LEPAILYALUE;NO;NO;f;NO;NO;NO;NO;NO;NO;NO;NO;NO;NO;NO;NO;NO;NO
26291;1;f;AANI;YES;VOLUNTARY;f;VOLUNTARY;NO;NO;NO;NO;NO;NO;NO;NO;NO;NO;NO;NO;NO
26291;1;f;ULOSTE;NO;NO;f;NO;NO;NO;NO;NO;NO;NO;NO;NO;NO;NO;NO;NO;NO
26298;1;f;PESA;NO;NO;f;NO;NO;NO;NO;NO;NO;NO;NO;NO;NO;NO;NO;NO;NO
26298;1;f;MUUTON_AIKAINEN_LEPAILYALUE;NO;NO;f;NO;NO;NO;NO;NO;NO;NO;NO;NO;NO;NO;NO;NO;NO
26298;1;f;NAKO;YES;VOLUNTARY;f;VOLUNTARY;VOLUNTARY;VOLUNTARY;NO;NO;VOLUNTARY;NO;NO;NO;NO;NO;NO;NO;NO
26298;1;f;AANI;YES;VOLUNTARY;f;VOLUNTARY;NO;NO;NO;NO;NO;NO;NO;NO;NO;NO;NO;NO;NO
26298;1;f;KOIRAN_RIISTATYO;YES;VOLUNTARY;f;VOLUNTARY;VOLUNTARY;VOLUNTARY;NO;NO;VOLUNTARY;NO;NO;NO;NO;NO;NO;NO;NO
26298;1;f;MUU;VOLUNTARY;VOLUNTARY;f;VOLUNTARY;NO;NO;NO;NO;NO;NO;NO;NO;NO;NO;NO;NO;NO
26298;1;f;RIISTAKAMERA;YES;VOLUNTARY;f;VOLUNTARY;VOLUNTARY;NO;NO;NO;VOLUNTARY;NO;NO;NO;NO;NO;NO;NO;NO
26298;1;f;ULOSTE;NO;NO;f;NO;NO;NO;NO;NO;NO;NO;NO;NO;NO;NO;NO;NO;NO
26360;1;f;ULOSTE;NO;NO;f;NO;NO;NO;NO;NO;NO;NO;NO;NO;NO;NO;NO;NO;NO
26360;1;f;MUUTON_AIKAINEN_LEPAILYALUE;NO;NO;f;NO;NO;NO;NO;NO;NO;NO;NO;NO;NO;NO;NO;NO;NO
26360;1;f;AANI;YES;NO;f;NO;NO;NO;NO;NO;NO;NO;NO;NO;NO;NO;NO;NO;NO
26360;1;f;RIISTAKAMERA;YES;NO;f;NO;VOLUNTARY;NO;NO;NO;VOLUNTARY;NO;NO;NO;NO;NO;NO;NO;NO
26360;1;f;NAKO;YES;NO;f;NO;VOLUNTARY;VOLUNTARY;NO;NO;VOLUNTARY;NO;NO;NO;NO;NO;NO;NO;NO
26360;1;f;MUU;VOLUNTARY;VOLUNTARY;f;VOLUNTARY;NO;NO;NO;NO;NO;NO;NO;NO;NO;NO;NO;NO;NO
26360;1;f;KOIRAN_RIISTATYO;YES;NO;f;NO;VOLUNTARY;VOLUNTARY;NO;NO;VOLUNTARY;NO;NO;NO;NO;NO;NO;NO;NO
26360;1;f;PESA;NO;NO;f;NO;NO;NO;NO;NO;NO;NO;NO;NO;NO;NO;NO;NO;NO
26366;1;f;MUU;VOLUNTARY;VOLUNTARY;f;VOLUNTARY;NO;NO;NO;NO;NO;NO;NO;NO;NO;NO;NO;NO;NO
26366;1;f;AANI;YES;NO;f;NO;NO;NO;NO;NO;NO;NO;NO;NO;NO;NO;NO;NO;NO
26366;1;f;KOIRAN_RIISTATYO;YES;NO;f;NO;VOLUNTARY;VOLUNTARY;NO;NO;VOLUNTARY;NO;NO;NO;NO;NO;NO;NO;NO
26366;1;f;RIISTAKAMERA;YES;NO;f;NO;VOLUNTARY;NO;NO;NO;VOLUNTARY;NO;NO;NO;NO;NO;NO;NO;NO
26366;1;f;ULOSTE;NO;NO;f;NO;NO;NO;NO;NO;NO;NO;NO;NO;NO;NO;NO;NO;NO
26366;1;f;PESA;NO;NO;f;NO;NO;NO;NO;NO;NO;NO;NO;NO;NO;NO;NO;NO;NO
26366;1;f;NAKO;YES;NO;f;NO;VOLUNTARY;VOLUNTARY;NO;NO;VOLUNTARY;NO;NO;NO;NO;NO;NO;NO;NO
26366;1;f;MUUTON_AIKAINEN_LEPAILYALUE;NO;NO;f;NO;NO;NO;NO;NO;NO;NO;NO;NO;NO;NO;NO;NO;NO
26373;1;f;KOIRAN_RIISTATYO;YES;VOLUNTARY;f;VOLUNTARY;VOLUNTARY;VOLUNTARY;NO;NO;VOLUNTARY;NO;NO;NO;NO;NO;NO;NO;NO
26373;1;f;MUUTON_AIKAINEN_LEPAILYALUE;NO;NO;f;NO;NO;NO;NO;NO;NO;NO;NO;NO;NO;NO;NO;NO;NO
26373;1;f;RIISTAKAMERA;YES;VOLUNTARY;f;VOLUNTARY;VOLUNTARY;NO;NO;NO;VOLUNTARY;NO;NO;NO;NO;NO;NO;NO;NO
26373;1;f;AANI;YES;VOLUNTARY;f;VOLUNTARY;NO;NO;NO;NO;NO;NO;NO;NO;NO;NO;NO;NO;NO
26373;1;f;MUU;VOLUNTARY;VOLUNTARY;f;VOLUNTARY;NO;NO;NO;NO;NO;NO;NO;NO;NO;NO;NO;NO;NO
26373;1;f;PESA;NO;NO;f;NO;NO;NO;NO;NO;NO;NO;NO;NO;NO;NO;NO;NO;NO
26373;1;f;ULOSTE;NO;NO;f;NO;NO;NO;NO;NO;NO;NO;NO;NO;NO;NO;NO;NO;NO
26373;1;f;NAKO;YES;VOLUNTARY;f;VOLUNTARY;VOLUNTARY;VOLUNTARY;NO;NO;VOLUNTARY;NO;NO;NO;NO;NO;NO;NO;NO
26382;1;f;ULOSTE;NO;NO;f;NO;NO;NO;NO;NO;NO;NO;NO;NO;NO;NO;NO;NO;NO
26382;1;f;KOIRAN_RIISTATYO;YES;VOLUNTARY;f;VOLUNTARY;VOLUNTARY;VOLUNTARY;NO;NO;VOLUNTARY;NO;NO;NO;NO;NO;NO;NO;NO
26382;1;f;AANI;YES;VOLUNTARY;f;VOLUNTARY;NO;NO;NO;NO;NO;NO;NO;NO;NO;NO;NO;NO;NO
26382;1;f;NAKO;YES;VOLUNTARY;f;VOLUNTARY;VOLUNTARY;VOLUNTARY;NO;NO;VOLUNTARY;NO;NO;NO;NO;NO;NO;NO;NO
26382;1;f;RIISTAKAMERA;YES;VOLUNTARY;f;VOLUNTARY;VOLUNTARY;NO;NO;NO;VOLUNTARY;NO;NO;NO;NO;NO;NO;NO;NO
26382;1;f;MUUTON_AIKAINEN_LEPAILYALUE;NO;NO;f;NO;NO;NO;NO;NO;NO;NO;NO;NO;NO;NO;NO;NO;NO
26382;1;f;MUU;VOLUNTARY;VOLUNTARY;f;VOLUNTARY;NO;NO;NO;NO;NO;NO;NO;NO;NO;NO;NO;NO;NO
26382;1;f;PESA;NO;NO;f;NO;NO;NO;NO;NO;NO;NO;NO;NO;NO;NO;NO;NO;NO
26388;1;f;ULOSTE;NO;NO;f;NO;NO;NO;NO;NO;NO;NO;NO;NO;NO;NO;NO;NO;NO
26388;1;f;KOIRAN_RIISTATYO;YES;VOLUNTARY;f;VOLUNTARY;VOLUNTARY;VOLUNTARY;NO;NO;VOLUNTARY;NO;NO;NO;NO;NO;NO;NO;NO
26388;1;f;PESA;NO;NO;f;NO;NO;NO;NO;NO;NO;NO;NO;NO;NO;NO;NO;NO;NO
26388;1;f;MUUTON_AIKAINEN_LEPAILYALUE;NO;NO;f;NO;NO;NO;NO;NO;NO;NO;NO;NO;NO;NO;NO;NO;NO
26388;1;f;MUU;VOLUNTARY;VOLUNTARY;f;VOLUNTARY;NO;NO;NO;NO;NO;NO;NO;NO;NO;NO;NO;NO;NO
26388;1;f;AANI;YES;VOLUNTARY;f;VOLUNTARY;NO;NO;NO;NO;NO;NO;NO;NO;NO;NO;NO;NO;NO
26388;1;f;NAKO;YES;VOLUNTARY;f;VOLUNTARY;VOLUNTARY;VOLUNTARY;NO;NO;VOLUNTARY;NO;NO;NO;NO;NO;NO;NO;NO
26388;1;f;RIISTAKAMERA;YES;VOLUNTARY;f;VOLUNTARY;VOLUNTARY;NO;NO;NO;VOLUNTARY;NO;NO;NO;NO;NO;NO;NO;NO
26394;1;f;PESA;NO;NO;f;NO;NO;NO;NO;NO;NO;NO;NO;NO;NO;NO;NO;NO;NO
26394;1;f;MUUTON_AIKAINEN_LEPAILYALUE;NO;NO;f;NO;NO;NO;NO;NO;NO;NO;NO;NO;NO;NO;NO;NO;NO
26394;1;f;AANI;YES;VOLUNTARY;f;VOLUNTARY;NO;NO;NO;NO;NO;NO;NO;NO;NO;NO;NO;NO;NO
26394;1;f;RIISTAKAMERA;YES;VOLUNTARY;f;VOLUNTARY;VOLUNTARY;NO;NO;NO;VOLUNTARY;NO;NO;NO;NO;NO;NO;NO;NO
26394;1;f;KOIRAN_RIISTATYO;YES;VOLUNTARY;f;VOLUNTARY;VOLUNTARY;VOLUNTARY;NO;NO;VOLUNTARY;NO;NO;NO;NO;NO;NO;NO;NO
26394;1;f;NAKO;YES;VOLUNTARY;f;VOLUNTARY;VOLUNTARY;VOLUNTARY;NO;NO;VOLUNTARY;NO;NO;NO;NO;NO;NO;NO;NO
26394;1;f;MUU;VOLUNTARY;VOLUNTARY;f;VOLUNTARY;NO;NO;NO;NO;NO;NO;NO;NO;NO;NO;NO;NO;NO
26394;1;f;ULOSTE;NO;NO;f;NO;NO;NO;NO;NO;NO;NO;NO;NO;NO;NO;NO;NO;NO
26407;1;f;MUU;VOLUNTARY;VOLUNTARY;f;VOLUNTARY;NO;NO;NO;NO;NO;NO;NO;NO;NO;NO;NO;NO;NO
26407;1;f;NAKO;YES;VOLUNTARY;f;VOLUNTARY;VOLUNTARY;VOLUNTARY;NO;NO;VOLUNTARY;NO;NO;NO;NO;NO;NO;NO;NO
26407;1;f;RIISTAKAMERA;YES;VOLUNTARY;f;VOLUNTARY;VOLUNTARY;NO;NO;NO;VOLUNTARY;NO;NO;NO;NO;NO;NO;NO;NO
26407;1;f;MUUTON_AIKAINEN_LEPAILYALUE;NO;NO;f;NO;NO;NO;NO;NO;NO;NO;NO;NO;NO;NO;NO;NO;NO
26407;1;f;AANI;YES;VOLUNTARY;f;VOLUNTARY;NO;NO;NO;NO;NO;NO;NO;NO;NO;NO;NO;NO;NO
26407;1;f;PESA;NO;NO;f;NO;NO;NO;NO;NO;NO;NO;NO;NO;NO;NO;NO;NO;NO
26407;1;f;ULOSTE;NO;NO;f;NO;NO;NO;NO;NO;NO;NO;NO;NO;NO;NO;NO;NO;NO
26407;1;f;KOIRAN_RIISTATYO;YES;VOLUNTARY;f;VOLUNTARY;VOLUNTARY;VOLUNTARY;NO;NO;VOLUNTARY;NO;NO;NO;NO;NO;NO;NO;NO
26415;1;f;NAKO;YES;VOLUNTARY;f;VOLUNTARY;VOLUNTARY;VOLUNTARY;NO;NO;VOLUNTARY;NO;NO;NO;NO;NO;NO;NO;NO
26415;1;f;MUU;VOLUNTARY;VOLUNTARY;f;VOLUNTARY;NO;NO;NO;NO;NO;NO;NO;NO;NO;NO;NO;NO;NO
26415;1;f;ULOSTE;NO;NO;f;NO;NO;NO;NO;NO;NO;NO;NO;NO;NO;NO;NO;NO;NO
26415;1;f;RIISTAKAMERA;YES;VOLUNTARY;f;VOLUNTARY;VOLUNTARY;NO;NO;NO;VOLUNTARY;NO;NO;NO;NO;NO;NO;NO;NO
26415;1;f;PESA;NO;NO;f;NO;NO;NO;NO;NO;NO;NO;NO;NO;NO;NO;NO;NO;NO
26415;1;f;AANI;YES;VOLUNTARY;f;VOLUNTARY;NO;NO;NO;NO;NO;NO;NO;NO;NO;NO;NO;NO;NO
26415;1;f;MUUTON_AIKAINEN_LEPAILYALUE;NO;NO;f;NO;NO;NO;NO;NO;NO;NO;NO;NO;NO;NO;NO;NO;NO
26415;1;f;KOIRAN_RIISTATYO;YES;VOLUNTARY;f;VOLUNTARY;VOLUNTARY;VOLUNTARY;NO;NO;VOLUNTARY;NO;NO;NO;NO;NO;NO;NO;NO
26419;1;f;NAKO;YES;VOLUNTARY;f;VOLUNTARY;VOLUNTARY;VOLUNTARY;NO;NO;VOLUNTARY;NO;NO;NO;NO;NO;NO;NO;NO
26419;1;f;ULOSTE;NO;NO;f;NO;NO;NO;NO;NO;NO;NO;NO;NO;NO;NO;NO;NO;NO
26419;1;f;PESA;NO;NO;f;NO;NO;NO;NO;NO;NO;NO;NO;NO;NO;NO;NO;NO;NO
26419;1;f;MUUTON_AIKAINEN_LEPAILYALUE;NO;NO;f;NO;NO;NO;NO;NO;NO;NO;NO;NO;NO;NO;NO;NO;NO
26419;1;f;AANI;YES;VOLUNTARY;f;VOLUNTARY;NO;NO;NO;NO;NO;NO;NO;NO;NO;NO;NO;NO;NO
26419;1;f;KOIRAN_RIISTATYO;YES;VOLUNTARY;f;VOLUNTARY;VOLUNTARY;VOLUNTARY;NO;NO;VOLUNTARY;NO;NO;NO;NO;NO;NO;NO;NO
26419;1;f;RIISTAKAMERA;YES;VOLUNTARY;f;VOLUNTARY;VOLUNTARY;NO;NO;NO;VOLUNTARY;NO;NO;NO;NO;NO;NO;NO;NO
26419;1;f;MUU;VOLUNTARY;VOLUNTARY;f;VOLUNTARY;NO;NO;NO;NO;NO;NO;NO;NO;NO;NO;NO;NO;NO
26427;1;f;RIISTAKAMERA;YES;VOLUNTARY;f;VOLUNTARY;VOLUNTARY;NO;NO;NO;VOLUNTARY;NO;NO;NO;NO;NO;NO;NO;NO
26427;1;f;NAKO;YES;VOLUNTARY;f;VOLUNTARY;VOLUNTARY;VOLUNTARY;NO;NO;VOLUNTARY;NO;NO;NO;NO;NO;NO;NO;NO
26427;1;f;ULOSTE;NO;NO;f;NO;NO;NO;NO;NO;NO;NO;NO;NO;NO;NO;NO;NO;NO
26427;1;f;AANI;YES;VOLUNTARY;f;VOLUNTARY;NO;NO;NO;NO;NO;NO;NO;NO;NO;NO;NO;NO;NO
26427;1;f;KOIRAN_RIISTATYO;YES;VOLUNTARY;f;VOLUNTARY;VOLUNTARY;VOLUNTARY;NO;NO;VOLUNTARY;NO;NO;NO;NO;NO;NO;NO;NO
26427;1;f;PESA;NO;NO;f;NO;NO;NO;NO;NO;NO;NO;NO;NO;NO;NO;NO;NO;NO
26427;1;f;MUUTON_AIKAINEN_LEPAILYALUE;NO;NO;f;NO;NO;NO;NO;NO;NO;NO;NO;NO;NO;NO;NO;NO;NO
26427;1;f;MUU;VOLUNTARY;VOLUNTARY;f;VOLUNTARY;NO;NO;NO;NO;NO;NO;NO;NO;NO;NO;NO;NO;NO
26435;1;f;KOIRAN_RIISTATYO;YES;VOLUNTARY;f;VOLUNTARY;VOLUNTARY;VOLUNTARY;NO;NO;VOLUNTARY;NO;NO;NO;NO;NO;NO;NO;NO
26435;1;f;AANI;YES;VOLUNTARY;f;VOLUNTARY;NO;NO;NO;NO;NO;NO;NO;NO;NO;NO;NO;NO;NO
26435;1;f;NAKO;YES;VOLUNTARY;f;VOLUNTARY;VOLUNTARY;VOLUNTARY;NO;NO;VOLUNTARY;NO;NO;NO;NO;NO;NO;NO;NO
26435;1;f;RIISTAKAMERA;YES;VOLUNTARY;f;VOLUNTARY;VOLUNTARY;NO;NO;NO;VOLUNTARY;NO;NO;NO;NO;NO;NO;NO;NO
26435;1;f;MUU;VOLUNTARY;VOLUNTARY;f;VOLUNTARY;NO;NO;NO;NO;NO;NO;NO;NO;NO;NO;NO;NO;NO
26435;1;f;MUUTON_AIKAINEN_LEPAILYALUE;NO;NO;f;NO;NO;NO;NO;NO;NO;NO;NO;NO;NO;NO;NO;NO;NO
26435;1;f;PESA;NO;NO;f;NO;NO;NO;NO;NO;NO;NO;NO;NO;NO;NO;NO;NO;NO
26435;1;f;ULOSTE;NO;NO;f;NO;NO;NO;NO;NO;NO;NO;NO;NO;NO;NO;NO;NO;NO
26440;1;f;KOIRAN_RIISTATYO;YES;VOLUNTARY;f;VOLUNTARY;VOLUNTARY;VOLUNTARY;NO;NO;VOLUNTARY;NO;NO;NO;NO;NO;NO;NO;NO
26440;1;f;MUUTON_AIKAINEN_LEPAILYALUE;NO;NO;f;NO;NO;NO;NO;NO;NO;NO;NO;NO;NO;NO;NO;NO;NO
26440;1;f;NAKO;YES;VOLUNTARY;f;VOLUNTARY;VOLUNTARY;VOLUNTARY;NO;NO;VOLUNTARY;NO;NO;NO;NO;NO;NO;NO;NO
26440;1;f;PESA;NO;NO;f;NO;NO;NO;NO;NO;NO;NO;NO;NO;NO;NO;NO;NO;NO
26440;1;f;ULOSTE;NO;NO;f;NO;NO;NO;NO;NO;NO;NO;NO;NO;NO;NO;NO;NO;NO
26440;1;f;MUU;VOLUNTARY;VOLUNTARY;f;VOLUNTARY;NO;NO;NO;NO;NO;NO;NO;NO;NO;NO;NO;NO;NO
26440;1;f;RIISTAKAMERA;YES;VOLUNTARY;f;VOLUNTARY;VOLUNTARY;NO;NO;NO;VOLUNTARY;NO;NO;NO;NO;NO;NO;NO;NO
26440;1;f;AANI;YES;VOLUNTARY;f;VOLUNTARY;NO;NO;NO;NO;NO;NO;NO;NO;NO;NO;NO;NO;NO
26442;1;f;NAKO;YES;VOLUNTARY;f;VOLUNTARY;VOLUNTARY;VOLUNTARY;NO;NO;VOLUNTARY;NO;NO;NO;NO;NO;NO;NO;NO
26442;1;f;MUU;VOLUNTARY;VOLUNTARY;f;VOLUNTARY;NO;NO;NO;NO;NO;NO;NO;NO;NO;NO;NO;NO;NO
26442;1;f;MUUTON_AIKAINEN_LEPAILYALUE;NO;NO;f;NO;NO;NO;NO;NO;NO;NO;NO;NO;NO;NO;NO;NO;NO
26442;1;f;PESA;NO;NO;f;NO;NO;NO;NO;NO;NO;NO;NO;NO;NO;NO;NO;NO;NO
26442;1;f;ULOSTE;NO;NO;f;NO;NO;NO;NO;NO;NO;NO;NO;NO;NO;NO;NO;NO;NO
26442;1;f;AANI;YES;VOLUNTARY;f;VOLUNTARY;NO;NO;NO;NO;NO;NO;NO;NO;NO;NO;NO;NO;NO
26442;1;f;KOIRAN_RIISTATYO;YES;VOLUNTARY;f;VOLUNTARY;VOLUNTARY;VOLUNTARY;NO;NO;VOLUNTARY;NO;NO;NO;NO;NO;NO;NO;NO
26442;1;f;RIISTAKAMERA;YES;VOLUNTARY;f;VOLUNTARY;VOLUNTARY;NO;NO;NO;VOLUNTARY;NO;NO;NO;NO;NO;NO;NO;NO
26921;1;f;ULOSTE;NO;NO;f;NO;NO;NO;NO;NO;NO;NO;NO;NO;NO;NO;NO;NO;NO
26921;1;f;NAKO;YES;VOLUNTARY;f;VOLUNTARY;VOLUNTARY;VOLUNTARY;NO;NO;VOLUNTARY;NO;NO;NO;NO;NO;NO;NO;NO
26921;1;f;AANI;YES;VOLUNTARY;f;VOLUNTARY;NO;NO;NO;NO;NO;NO;NO;NO;NO;NO;NO;NO;NO
26921;1;f;RIISTAKAMERA;YES;VOLUNTARY;f;VOLUNTARY;VOLUNTARY;NO;NO;NO;VOLUNTARY;NO;NO;NO;NO;NO;NO;NO;NO
26921;1;f;SOIDIN;NO;NO;f;NO;NO;NO;NO;NO;NO;NO;NO;NO;NO;NO;NO;NO;NO
26921;1;f;KOIRAN_RIISTATYO;YES;VOLUNTARY;f;VOLUNTARY;VOLUNTARY;VOLUNTARY;NO;NO;VOLUNTARY;NO;NO;NO;NO;NO;NO;NO;NO
26921;1;f;MUU;VOLUNTARY;VOLUNTARY;f;VOLUNTARY;NO;NO;NO;NO;NO;NO;NO;NO;NO;NO;NO;NO;NO
26921;1;f;PESA;NO;NO;f;NO;NO;NO;NO;NO;NO;NO;NO;NO;NO;NO;NO;NO;NO
26922;1;f;ULOSTE;NO;NO;f;NO;NO;NO;NO;NO;NO;NO;NO;NO;NO;NO;NO;NO;NO
26922;1;f;PESA;NO;NO;f;NO;NO;NO;NO;NO;NO;NO;NO;NO;NO;NO;NO;NO;NO
26922;1;f;SOIDIN;NO;NO;f;NO;NO;NO;NO;NO;NO;NO;NO;NO;NO;NO;NO;NO;NO
26922;1;f;KOIRAN_RIISTATYO;YES;VOLUNTARY;f;VOLUNTARY;VOLUNTARY;VOLUNTARY;NO;NO;VOLUNTARY;NO;NO;NO;NO;NO;NO;NO;NO
26922;1;f;AANI;YES;VOLUNTARY;f;VOLUNTARY;NO;NO;NO;NO;NO;NO;NO;NO;NO;NO;NO;NO;NO
26922;1;f;MUU;VOLUNTARY;VOLUNTARY;f;VOLUNTARY;NO;NO;NO;NO;NO;NO;NO;NO;NO;NO;NO;NO;NO
26922;1;f;RIISTAKAMERA;YES;VOLUNTARY;f;VOLUNTARY;VOLUNTARY;NO;NO;NO;VOLUNTARY;NO;NO;NO;NO;NO;NO;NO;NO
26922;1;f;NAKO;YES;VOLUNTARY;f;VOLUNTARY;VOLUNTARY;VOLUNTARY;NO;NO;VOLUNTARY;NO;NO;NO;NO;NO;NO;NO;NO
26926;1;f;SOIDIN;NO;NO;f;NO;NO;NO;NO;NO;NO;NO;NO;NO;NO;NO;NO;NO;NO
26926;1;f;NAKO;YES;VOLUNTARY;f;VOLUNTARY;VOLUNTARY;VOLUNTARY;NO;NO;VOLUNTARY;NO;NO;NO;NO;NO;NO;NO;NO
26926;1;f;RIISTAKAMERA;YES;VOLUNTARY;f;VOLUNTARY;VOLUNTARY;NO;NO;NO;VOLUNTARY;NO;NO;NO;NO;NO;NO;NO;NO
26926;1;f;MUU;VOLUNTARY;VOLUNTARY;f;VOLUNTARY;NO;NO;NO;NO;NO;NO;NO;NO;NO;NO;NO;NO;NO
26926;1;f;AANI;YES;VOLUNTARY;f;VOLUNTARY;NO;NO;NO;NO;NO;NO;NO;NO;NO;NO;NO;NO;NO
26926;1;f;KOIRAN_RIISTATYO;YES;VOLUNTARY;f;VOLUNTARY;VOLUNTARY;VOLUNTARY;NO;NO;VOLUNTARY;NO;NO;NO;NO;NO;NO;NO;NO
26926;1;f;ULOSTE;NO;NO;f;NO;NO;NO;NO;NO;NO;NO;NO;NO;NO;NO;NO;NO;NO
26926;1;f;PESA;NO;NO;f;NO;NO;NO;NO;NO;NO;NO;NO;NO;NO;NO;NO;NO;NO
26928;1;f;RIISTAKAMERA;YES;VOLUNTARY;f;VOLUNTARY;VOLUNTARY;NO;NO;NO;VOLUNTARY;NO;NO;NO;NO;NO;NO;NO;NO
26928;1;f;ULOSTE;NO;NO;f;NO;NO;NO;NO;NO;NO;NO;NO;NO;NO;NO;NO;NO;NO
26928;1;f;PESA;NO;NO;f;NO;NO;NO;NO;NO;NO;NO;NO;NO;NO;NO;NO;NO;NO
26928;1;f;SOIDIN;NO;NO;f;NO;NO;NO;NO;NO;NO;NO;NO;NO;NO;NO;NO;NO;NO
26928;1;f;MUU;VOLUNTARY;VOLUNTARY;f;VOLUNTARY;NO;NO;NO;NO;NO;NO;NO;NO;NO;NO;NO;NO;NO
26928;1;f;KOIRAN_RIISTATYO;YES;VOLUNTARY;f;VOLUNTARY;VOLUNTARY;VOLUNTARY;NO;NO;VOLUNTARY;NO;NO;NO;NO;NO;NO;NO;NO
26928;1;f;AANI;YES;VOLUNTARY;f;VOLUNTARY;NO;NO;NO;NO;NO;NO;NO;NO;NO;NO;NO;NO;NO
26928;1;f;NAKO;YES;VOLUNTARY;f;VOLUNTARY;VOLUNTARY;VOLUNTARY;NO;NO;VOLUNTARY;NO;NO;NO;NO;NO;NO;NO;NO
26931;1;f;MUU;VOLUNTARY;VOLUNTARY;f;VOLUNTARY;NO;NO;NO;NO;NO;NO;NO;NO;NO;NO;NO;NO;NO
26931;1;f;SOIDIN;NO;NO;f;NO;NO;NO;NO;NO;NO;NO;NO;NO;NO;NO;NO;NO;NO
26931;1;f;AANI;YES;VOLUNTARY;f;VOLUNTARY;NO;NO;NO;NO;NO;NO;NO;NO;NO;NO;NO;NO;NO
26931;1;f;ULOSTE;NO;NO;f;NO;NO;NO;NO;NO;NO;NO;NO;NO;NO;NO;NO;NO;NO
26931;1;f;PESA;NO;NO;f;NO;NO;NO;NO;NO;NO;NO;NO;NO;NO;NO;NO;NO;NO
26931;1;f;NAKO;YES;VOLUNTARY;f;VOLUNTARY;VOLUNTARY;VOLUNTARY;NO;NO;VOLUNTARY;NO;NO;NO;NO;NO;NO;NO;NO
26931;1;f;RIISTAKAMERA;YES;VOLUNTARY;f;VOLUNTARY;VOLUNTARY;NO;NO;NO;VOLUNTARY;NO;NO;NO;NO;NO;NO;NO;NO
26931;1;f;KOIRAN_RIISTATYO;YES;VOLUNTARY;f;VOLUNTARY;VOLUNTARY;VOLUNTARY;NO;NO;VOLUNTARY;NO;NO;NO;NO;NO;NO;NO;NO
27048;1;f;RIISTAKAMERA;YES;VOLUNTARY;f;VOLUNTARY;VOLUNTARY;NO;NO;NO;VOLUNTARY;NO;NO;NO;NO;NO;NO;NO;NO
27048;1;f;MUU;VOLUNTARY;VOLUNTARY;f;VOLUNTARY;NO;NO;NO;NO;NO;NO;NO;NO;NO;NO;NO;NO;NO
27048;1;f;AANI;YES;VOLUNTARY;f;VOLUNTARY;NO;NO;NO;NO;NO;NO;NO;NO;NO;NO;NO;NO;NO
27048;1;f;KOIRAN_RIISTATYO;YES;VOLUNTARY;f;VOLUNTARY;VOLUNTARY;VOLUNTARY;NO;NO;VOLUNTARY;NO;NO;NO;NO;NO;NO;NO;NO
27048;1;f;PESA;NO;NO;f;NO;NO;NO;NO;NO;NO;NO;NO;NO;NO;NO;NO;NO;NO
27048;1;f;ULOSTE;NO;NO;f;NO;NO;NO;NO;NO;NO;NO;NO;NO;NO;NO;NO;NO;NO
27048;1;f;NAKO;YES;VOLUNTARY;f;VOLUNTARY;VOLUNTARY;VOLUNTARY;NO;NO;VOLUNTARY;NO;NO;NO;NO;NO;NO;NO;NO
27152;1;f;PESA;NO;NO;f;NO;NO;NO;NO;NO;NO;NO;NO;NO;NO;NO;NO;NO;NO
27152;1;f;KOIRAN_RIISTATYO;YES;VOLUNTARY;f;VOLUNTARY;VOLUNTARY;VOLUNTARY;NO;NO;VOLUNTARY;NO;NO;NO;NO;NO;NO;NO;NO
27152;1;f;AANI;YES;VOLUNTARY;f;VOLUNTARY;NO;NO;NO;NO;NO;NO;NO;NO;NO;NO;NO;NO;NO
27152;1;f;MUU;VOLUNTARY;VOLUNTARY;f;VOLUNTARY;NO;NO;NO;NO;NO;NO;NO;NO;NO;NO;NO;NO;NO
27152;1;f;NAKO;YES;VOLUNTARY;f;VOLUNTARY;VOLUNTARY;VOLUNTARY;NO;NO;VOLUNTARY;NO;NO;NO;NO;NO;NO;NO;NO
27152;1;f;RIISTAKAMERA;YES;VOLUNTARY;f;VOLUNTARY;VOLUNTARY;NO;NO;NO;VOLUNTARY;NO;NO;NO;NO;NO;NO;NO;NO
27152;1;f;ULOSTE;NO;NO;f;NO;NO;NO;NO;NO;NO;NO;NO;NO;NO;NO;NO;NO;NO
27381;1;f;AANI;YES;NO;f;NO;NO;NO;NO;NO;NO;NO;NO;NO;NO;NO;NO;NO;NO
27381;1;f;PESA;NO;NO;f;NO;NO;NO;NO;NO;NO;NO;NO;NO;NO;NO;NO;NO;NO
27381;1;f;KOIRAN_RIISTATYO;YES;NO;f;NO;VOLUNTARY;VOLUNTARY;NO;NO;VOLUNTARY;NO;NO;NO;NO;NO;NO;NO;NO
27381;1;f;NAKO;YES;NO;f;NO;VOLUNTARY;VOLUNTARY;NO;NO;VOLUNTARY;NO;NO;NO;NO;NO;NO;NO;NO
27381;1;f;ULOSTE;NO;NO;f;NO;NO;NO;NO;NO;NO;NO;NO;NO;NO;NO;NO;NO;NO
27381;1;f;MUU;VOLUNTARY;NO;f;NO;NO;NO;NO;NO;NO;NO;NO;NO;NO;NO;NO;NO;NO
27381;1;f;RIISTAKAMERA;YES;NO;f;NO;VOLUNTARY;NO;NO;NO;VOLUNTARY;NO;NO;NO;NO;NO;NO;NO;NO
27649;1;f;PESA;NO;NO;f;NO;NO;NO;NO;NO;NO;NO;NO;NO;NO;NO;NO;NO;NO
27649;1;f;ULOSTE;NO;NO;f;NO;NO;NO;NO;NO;NO;NO;NO;NO;NO;NO;NO;NO;NO
27649;1;f;RIISTAKAMERA;YES;NO;f;NO;VOLUNTARY;NO;NO;NO;VOLUNTARY;NO;NO;NO;NO;NO;NO;NO;NO
27649;1;f;KOIRAN_RIISTATYO;YES;NO;f;NO;VOLUNTARY;VOLUNTARY;NO;NO;VOLUNTARY;NO;NO;NO;NO;NO;NO;NO;NO
27649;1;f;NAKO;YES;NO;f;NO;VOLUNTARY;VOLUNTARY;NO;NO;VOLUNTARY;NO;NO;NO;NO;NO;NO;NO;NO
27649;1;f;MUU;VOLUNTARY;NO;f;NO;NO;NO;NO;NO;NO;NO;NO;NO;NO;NO;NO;NO;NO
27649;1;f;AANI;YES;NO;f;NO;NO;NO;NO;NO;NO;NO;NO;NO;NO;NO;NO;NO;NO
27750;1;f;AANI;YES;NO;f;NO;NO;NO;NO;NO;NO;NO;NO;NO;NO;NO;NO;NO;NO
27750;1;f;KOIRAN_RIISTATYO;YES;NO;f;NO;VOLUNTARY;VOLUNTARY;NO;NO;VOLUNTARY;NO;NO;NO;NO;NO;NO;NO;NO
27750;1;f;MUU;VOLUNTARY;NO;f;NO;NO;NO;NO;NO;NO;NO;NO;NO;NO;NO;NO;NO;NO
27750;1;f;ULOSTE;NO;NO;f;NO;NO;NO;NO;NO;NO;NO;NO;NO;NO;NO;NO;NO;NO
27750;1;f;RIISTAKAMERA;YES;NO;f;NO;VOLUNTARY;NO;NO;NO;VOLUNTARY;NO;NO;NO;NO;NO;NO;NO;NO
27750;1;f;NAKO;YES;NO;f;NO;VOLUNTARY;VOLUNTARY;NO;NO;VOLUNTARY;NO;NO;NO;NO;NO;NO;NO;NO
27750;1;f;PESA;NO;NO;f;NO;NO;NO;NO;NO;NO;NO;NO;NO;NO;NO;NO;NO;NO
27759;1;f;MUU;VOLUNTARY;NO;f;NO;NO;NO;NO;NO;NO;NO;NO;NO;NO;NO;NO;NO;NO
27759;1;f;ULOSTE;NO;NO;f;NO;NO;NO;NO;NO;NO;NO;NO;NO;NO;NO;NO;NO;NO
27759;1;f;NAKO;YES;NO;f;NO;VOLUNTARY;VOLUNTARY;NO;NO;VOLUNTARY;NO;NO;NO;NO;NO;NO;NO;NO
27759;1;f;RIISTAKAMERA;YES;NO;f;NO;VOLUNTARY;NO;NO;NO;VOLUNTARY;NO;NO;NO;NO;NO;NO;NO;NO
27759;1;f;AANI;YES;NO;f;NO;NO;NO;NO;NO;NO;NO;NO;NO;NO;NO;NO;NO;NO
27759;1;f;PESA;NO;NO;f;NO;NO;NO;NO;NO;NO;NO;NO;NO;NO;NO;NO;NO;NO
27759;1;f;KOIRAN_RIISTATYO;YES;NO;f;NO;VOLUNTARY;VOLUNTARY;NO;NO;VOLUNTARY;NO;NO;NO;NO;NO;NO;NO;NO
27911;1;f;ULOSTE;NO;NO;f;NO;NO;NO;NO;NO;NO;NO;NO;NO;NO;NO;NO;NO;NO
27911;1;f;PESA;NO;NO;f;NO;NO;NO;NO;NO;NO;NO;NO;NO;NO;NO;NO;NO;NO
27911;1;f;KOIRAN_RIISTATYO;YES;NO;f;NO;VOLUNTARY;VOLUNTARY;NO;NO;VOLUNTARY;NO;NO;NO;NO;NO;NO;NO;NO
27911;1;f;RIISTAKAMERA;YES;NO;f;NO;VOLUNTARY;NO;NO;NO;VOLUNTARY;NO;NO;NO;NO;NO;NO;NO;NO
27911;1;f;NAKO;YES;NO;f;NO;VOLUNTARY;VOLUNTARY;NO;NO;VOLUNTARY;NO;NO;NO;NO;NO;NO;NO;NO
27911;1;f;AANI;YES;NO;f;NO;NO;NO;NO;NO;NO;NO;NO;NO;NO;NO;NO;NO;NO
27911;1;f;MUU;VOLUNTARY;NO;f;NO;NO;NO;NO;NO;NO;NO;NO;NO;NO;NO;NO;NO;NO
33117;1;f;RIISTAKAMERA;YES;NO;f;NO;VOLUNTARY;NO;NO;NO;VOLUNTARY;NO;NO;NO;NO;NO;NO;NO;NO
33117;1;f;KOIRAN_RIISTATYO;YES;NO;f;NO;VOLUNTARY;VOLUNTARY;NO;NO;VOLUNTARY;NO;NO;NO;NO;NO;NO;NO;NO
33117;1;f;MUU;VOLUNTARY;NO;f;NO;NO;NO;NO;NO;NO;NO;NO;NO;NO;NO;NO;NO;NO
33117;1;f;ULOSTE;NO;NO;f;NO;NO;NO;NO;NO;NO;NO;NO;NO;NO;NO;NO;NO;NO
33117;1;f;PESA;NO;NO;f;NO;NO;NO;NO;NO;NO;NO;NO;NO;NO;NO;NO;NO;NO
33117;1;f;AANI;YES;NO;f;NO;NO;NO;NO;NO;NO;NO;NO;NO;NO;NO;NO;NO;NO
33117;1;f;NAKO;YES;NO;f;NO;VOLUNTARY;VOLUNTARY;NO;NO;VOLUNTARY;NO;NO;NO;NO;NO;NO;NO;NO
37122;1;f;ULOSTE;NO;NO;f;NO;NO;NO;NO;NO;NO;NO;NO;NO;NO;NO;NO;NO;NO
37122;1;f;PESA;NO;NO;f;NO;NO;NO;NO;NO;NO;NO;NO;NO;NO;NO;NO;NO;NO
37122;1;f;MUU;VOLUNTARY;NO;f;NO;NO;NO;NO;NO;NO;NO;NO;NO;NO;NO;NO;NO;NO
37122;1;f;AANI;YES;NO;f;NO;NO;NO;NO;NO;NO;NO;NO;NO;NO;NO;NO;NO;NO
37122;1;f;KOIRAN_RIISTATYO;YES;NO;f;NO;VOLUNTARY;VOLUNTARY;NO;NO;VOLUNTARY;NO;NO;NO;NO;NO;NO;NO;NO
37122;1;f;NAKO;YES;NO;f;NO;VOLUNTARY;VOLUNTARY;NO;NO;VOLUNTARY;NO;NO;NO;NO;NO;NO;NO;NO
37122;1;f;RIISTAKAMERA;YES;NO;f;NO;VOLUNTARY;NO;NO;NO;VOLUNTARY;NO;NO;NO;NO;NO;NO;NO;NO
37166;1;f;MUU;VOLUNTARY;NO;f;NO;NO;NO;NO;NO;NO;NO;NO;NO;NO;NO;NO;NO;NO
37166;1;f;ULOSTE;NO;NO;f;NO;NO;NO;NO;NO;NO;NO;NO;NO;NO;NO;NO;NO;NO
37166;1;f;NAKO;YES;NO;f;NO;VOLUNTARY;VOLUNTARY;NO;NO;VOLUNTARY;NO;NO;NO;NO;NO;NO;NO;NO
37166;1;f;RIISTAKAMERA;YES;NO;f;NO;VOLUNTARY;NO;NO;NO;VOLUNTARY;NO;NO;NO;NO;NO;NO;NO;NO
37166;1;f;AANI;YES;NO;f;NO;NO;NO;NO;NO;NO;NO;NO;NO;NO;NO;NO;NO;NO
37166;1;f;PESA;NO;NO;f;NO;NO;NO;NO;NO;NO;NO;NO;NO;NO;NO;NO;NO;NO
37166;1;f;KOIRAN_RIISTATYO;YES;NO;f;NO;VOLUNTARY;VOLUNTARY;NO;NO;VOLUNTARY;NO;NO;NO;NO;NO;NO;NO;NO
37178;1;f;RIISTAKAMERA;YES;NO;f;NO;VOLUNTARY;NO;NO;NO;VOLUNTARY;NO;NO;NO;NO;NO;NO;NO;NO
37178;1;f;NAKO;YES;NO;f;NO;VOLUNTARY;VOLUNTARY;NO;NO;VOLUNTARY;NO;NO;NO;NO;NO;NO;NO;NO
37178;1;f;ULOSTE;NO;NO;f;NO;NO;NO;NO;NO;NO;NO;NO;NO;NO;NO;NO;NO;NO
37178;1;f;MUU;VOLUNTARY;NO;f;NO;NO;NO;NO;NO;NO;NO;NO;NO;NO;NO;NO;NO;NO
37178;1;f;KOIRAN_RIISTATYO;YES;NO;f;NO;VOLUNTARY;VOLUNTARY;NO;NO;VOLUNTARY;NO;NO;NO;NO;NO;NO;NO;NO
37178;1;f;AANI;YES;NO;f;NO;NO;NO;NO;NO;NO;NO;NO;NO;NO;NO;NO;NO;NO
37178;1;f;PESA;NO;NO;f;NO;NO;NO;NO;NO;NO;NO;NO;NO;NO;NO;NO;NO;NO
46542;1;f;KOIRAN_RIISTATYO;YES;VOLUNTARY;f;VOLUNTARY;VOLUNTARY;VOLUNTARY;NO;NO;NO;NO;NO;NO;NO;NO;NO;NO;NO
46542;1;f;RIISTANKULKUPAIKKA;NO;NO;f;NO;NO;NO;NO;NO;NO;NO;NO;NO;NO;NO;NO;NO;NO
46542;1;f;PESA;NO;NO;f;NO;NO;NO;NO;NO;NO;NO;NO;NO;NO;NO;NO;NO;NO
46542;1;f;SYONNOS;NO;NO;f;NO;NO;NO;NO;NO;NO;NO;NO;NO;NO;NO;NO;NO;NO
46542;1;f;ULOSTE;NO;NO;f;NO;NO;NO;NO;NO;NO;NO;NO;NO;NO;NO;NO;NO;NO
46542;1;f;AANI;YES;VOLUNTARY;f;VOLUNTARY;NO;NO;NO;NO;NO;NO;NO;NO;NO;NO;NO;NO;NO
46542;1;f;JALKI;YES;VOLUNTARY;f;VOLUNTARY;VOLUNTARY;VOLUNTARY;NO;NO;NO;NO;NO;NO;NO;NO;NO;NO;NO
46542;1;f;NAKO;YES;VOLUNTARY;f;VOLUNTARY;VOLUNTARY;VOLUNTARY;NO;NO;NO;NO;NO;NO;NO;NO;NO;NO;NO
46542;1;f;MUU;VOLUNTARY;VOLUNTARY;f;VOLUNTARY;NO;NO;NO;NO;NO;NO;NO;NO;NO;NO;NO;NO;NO
46542;1;f;RIISTAKAMERA;YES;VOLUNTARY;f;VOLUNTARY;VOLUNTARY;NO;NO;NO;NO;NO;NO;NO;NO;NO;NO;NO;NO
46549;1;f;RIISTANKULKUPAIKKA;NO;NO;f;NO;NO;NO;NO;NO;NO;NO;NO;NO;NO;NO;NO;NO;NO
46549;1;t;JALKI;YES;VOLUNTARY;t;VOLUNTARY;VOLUNTARY;VOLUNTARY;VOLUNTARY;NO;NO;NO;NO;NO;NO;NO;NO;NO;NO
46549;1;t;NAKO;YES;VOLUNTARY;t;VOLUNTARY;VOLUNTARY;VOLUNTARY;VOLUNTARY;VOLUNTARY;NO;VOLUNTARY;NO;NO;NO;NO;NO;NO;NO
46549;1;f;NAKO;YES;VOLUNTARY;t;VOLUNTARY;VOLUNTARY;VOLUNTARY;VOLUNTARY;VOLUNTARY;NO;VOLUNTARY;NO;NO;NO;NO;NO;NO;NO
46549;1;f;RIISTAKAMERA;YES;VOLUNTARY;t;VOLUNTARY;VOLUNTARY;NO;NO;VOLUNTARY;NO;VOLUNTARY;NO;NO;NO;NO;NO;NO;NO
46549;1;f;JALKI;YES;VOLUNTARY;t;VOLUNTARY;VOLUNTARY;VOLUNTARY;VOLUNTARY;NO;NO;NO;NO;NO;NO;NO;NO;NO;NO
46549;1;f;LUOLASTO;NO;NO;f;NO;NO;NO;NO;NO;NO;NO;NO;NO;NO;NO;NO;NO;NO
46549;1;f;PESA;NO;NO;f;NO;NO;NO;NO;NO;NO;NO;NO;NO;NO;NO;NO;NO;NO
46549;1;f;SYONNOS;NO;NO;f;NO;NO;NO;NO;NO;NO;NO;NO;NO;NO;NO;NO;NO;NO
46549;1;f;HAASKA;NO;NO;f;NO;NO;NO;NO;NO;NO;NO;NO;NO;NO;NO;NO;NO;NO
46549;1;f;ULOSTE;NO;NO;f;NO;NO;NO;NO;NO;NO;NO;NO;NO;NO;NO;NO;NO;NO
46549;1;f;KOIRAN_RIISTATYO;YES;VOLUNTARY;t;VOLUNTARY;VOLUNTARY;VOLUNTARY;VOLUNTARY;VOLUNTARY;NO;VOLUNTARY;NO;NO;NO;NO;NO;NO;NO
46549;1;f;MAKUUPAIKKA;NO;NO;f;NO;NO;NO;NO;NO;NO;NO;NO;NO;NO;NO;NO;NO;NO
46549;1;f;MUU;VOLUNTARY;VOLUNTARY;f;VOLUNTARY;NO;NO;NO;NO;NO;NO;NO;NO;NO;NO;NO;NO;NO
46549;1;f;AANI;YES;VOLUNTARY;t;VOLUNTARY;NO;NO;NO;NO;NO;NO;NO;NO;NO;NO;NO;NO;NO
46564;1;f;KOIRAN_RIISTATYO;YES;VOLUNTARY;f;VOLUNTARY;VOLUNTARY;VOLUNTARY;NO;VOLUNTARY;NO;VOLUNTARY;NO;NO;NO;NO;NO;NO;NO
46564;1;f;NAKO;YES;VOLUNTARY;f;VOLUNTARY;VOLUNTARY;VOLUNTARY;NO;VOLUNTARY;NO;VOLUNTARY;NO;NO;NO;NO;NO;NO;NO
46564;1;f;RIISTANKULKUPAIKKA;NO;NO;f;NO;NO;NO;NO;NO;NO;NO;NO;NO;NO;NO;NO;NO;NO
46564;1;f;LUOLASTO;NO;NO;f;NO;NO;NO;NO;NO;NO;NO;NO;NO;NO;NO;NO;NO;NO
46564;1;f;PESA;NO;NO;f;NO;NO;NO;NO;NO;NO;NO;NO;NO;NO;NO;NO;NO;NO
46564;1;f;SYONNOS;NO;NO;f;NO;NO;NO;NO;NO;NO;NO;NO;NO;NO;NO;NO;NO;NO
46564;1;f;ULOSTE;NO;NO;f;NO;NO;NO;NO;NO;NO;NO;NO;NO;NO;NO;NO;NO;NO
46564;1;f;AANI;YES;VOLUNTARY;f;VOLUNTARY;NO;NO;NO;NO;NO;NO;NO;NO;NO;NO;NO;NO;NO
46564;1;f;RIISTAKAMERA;YES;VOLUNTARY;f;VOLUNTARY;VOLUNTARY;NO;NO;VOLUNTARY;NO;VOLUNTARY;NO;NO;NO;NO;NO;NO;NO
46564;1;f;MUU;VOLUNTARY;VOLUNTARY;f;VOLUNTARY;NO;NO;NO;NO;NO;NO;NO;NO;NO;NO;NO;NO;NO
46564;1;f;JALKI;YES;VOLUNTARY;f;VOLUNTARY;VOLUNTARY;VOLUNTARY;NO;NO;NO;NO;NO;NO;NO;NO;NO;NO;NO
46587;1;f;NAKO;YES;VOLUNTARY;f;VOLUNTARY;VOLUNTARY;VOLUNTARY;VOLUNTARY;VOLUNTARY;NO;VOLUNTARY;NO;NO;NO;NO;NO;NO;NO
46587;1;f;LUOLASTO;NO;NO;f;NO;NO;NO;NO;NO;NO;NO;NO;NO;NO;NO;NO;NO;NO
46587;1;f;PESA;NO;NO;f;NO;NO;NO;NO;NO;NO;NO;NO;NO;NO;NO;NO;NO;NO
46587;1;f;SYONNOS;NO;NO;f;NO;NO;NO;NO;NO;NO;NO;NO;NO;NO;NO;NO;NO;NO
46587;1;f;ULOSTE;NO;NO;f;NO;NO;NO;NO;NO;NO;NO;NO;NO;NO;NO;NO;NO;NO
46587;1;f;MUU;VOLUNTARY;VOLUNTARY;f;VOLUNTARY;NO;NO;NO;NO;NO;NO;NO;NO;NO;NO;NO;NO;NO
46587;1;f;RIISTAKAMERA;YES;VOLUNTARY;f;VOLUNTARY;VOLUNTARY;NO;NO;VOLUNTARY;NO;VOLUNTARY;NO;NO;NO;NO;NO;NO;NO
46587;1;f;RIISTANKULKUPAIKKA;NO;NO;f;NO;NO;NO;NO;NO;NO;NO;NO;NO;NO;NO;NO;NO;NO
46587;1;f;KOIRAN_RIISTATYO;YES;VOLUNTARY;f;VOLUNTARY;VOLUNTARY;VOLUNTARY;VOLUNTARY;VOLUNTARY;NO;VOLUNTARY;NO;NO;NO;NO;NO;NO;NO
46587;1;f;AANI;YES;VOLUNTARY;f;VOLUNTARY;NO;NO;NO;NO;NO;NO;NO;NO;NO;NO;NO;NO;NO
46587;1;f;JALKI;YES;VOLUNTARY;f;VOLUNTARY;VOLUNTARY;VOLUNTARY;VOLUNTARY;NO;NO;NO;NO;NO;NO;NO;NO;NO;NO
46615;1;f;MAKUUPAIKKA;NO;NO;f;NO;NO;NO;NO;NO;NO;NO;NO;NO;NO;NO;NO;NO;NO
46615;1;f;ULOSTE;NO;NO;f;NO;NO;NO;NO;NO;NO;NO;NO;NO;NO;NO;NO;NO;NO
46615;1;f;HAASKA;NO;NO;f;NO;NO;NO;NO;NO;NO;NO;NO;NO;NO;NO;NO;NO;NO
46615;1;f;SYONNOS;NO;NO;f;NO;NO;NO;NO;NO;NO;NO;NO;NO;NO;NO;NO;NO;NO
46615;1;f;PESA;NO;NO;f;NO;NO;NO;NO;NO;NO;NO;NO;NO;NO;NO;NO;NO;NO
46615;1;f;RIISTANKULKUPAIKKA;NO;NO;f;NO;NO;NO;NO;NO;NO;NO;NO;NO;NO;NO;NO;NO;NO
46615;1;f;AANI;YES;VOLUNTARY;t;VOLUNTARY;NO;NO;NO;NO;NO;NO;NO;NO;NO;NO;NO;NO;NO
46615;1;f;MUU;VOLUNTARY;VOLUNTARY;f;VOLUNTARY;NO;NO;NO;NO;NO;NO;NO;NO;NO;NO;NO;NO;NO
46615;1;f;JALKI;YES;VOLUNTARY;t;VOLUNTARY;VOLUNTARY;VOLUNTARY;VOLUNTARY;NO;NO;NO;NO;NO;NO;NO;NO;NO;NO
46615;1;t;JALKI;YES;VOLUNTARY;t;VOLUNTARY;VOLUNTARY;VOLUNTARY;VOLUNTARY;NO;NO;NO;NO;NO;NO;NO;NO;NO;NO
46615;1;f;RIISTAKAMERA;YES;VOLUNTARY;t;VOLUNTARY;VOLUNTARY;NO;NO;VOLUNTARY;NO;VOLUNTARY;NO;NO;NO;NO;NO;NO;NO
46615;1;f;NAKO;YES;VOLUNTARY;t;VOLUNTARY;VOLUNTARY;VOLUNTARY;VOLUNTARY;VOLUNTARY;NO;VOLUNTARY;NO;NO;NO;NO;NO;NO;NO
46615;1;t;NAKO;YES;VOLUNTARY;t;VOLUNTARY;VOLUNTARY;VOLUNTARY;VOLUNTARY;VOLUNTARY;NO;VOLUNTARY;NO;NO;NO;NO;NO;NO;NO
46615;1;f;KOIRAN_RIISTATYO;YES;VOLUNTARY;t;VOLUNTARY;VOLUNTARY;VOLUNTARY;VOLUNTARY;VOLUNTARY;NO;VOLUNTARY;NO;NO;NO;NO;NO;NO;NO
47169;1;f;KOIRAN_RIISTATYO;YES;VOLUNTARY;f;VOLUNTARY;VOLUNTARY;VOLUNTARY;NO;VOLUNTARY;NO;VOLUNTARY;NO;NO;NO;NO;NO;NO;NO
47169;1;f;NAKO;YES;VOLUNTARY;f;VOLUNTARY;VOLUNTARY;VOLUNTARY;NO;VOLUNTARY;NO;VOLUNTARY;NO;NO;NO;NO;NO;NO;NO
47169;1;f;PESA;NO;NO;f;NO;NO;NO;NO;NO;NO;NO;NO;NO;NO;NO;NO;NO;NO
47169;1;f;MUU;VOLUNTARY;VOLUNTARY;f;VOLUNTARY;NO;NO;NO;NO;NO;NO;NO;NO;NO;NO;NO;NO;NO
47169;1;f;RIISTAKAMERA;YES;VOLUNTARY;f;VOLUNTARY;VOLUNTARY;NO;NO;VOLUNTARY;NO;VOLUNTARY;NO;NO;NO;NO;NO;NO;NO
47169;1;f;SYONNOS;NO;NO;f;NO;NO;NO;NO;NO;NO;NO;NO;NO;NO;NO;NO;NO;NO
47169;1;f;RIISTANKULKUPAIKKA;NO;NO;f;NO;NO;NO;NO;NO;NO;NO;NO;NO;NO;NO;NO;NO;NO
47169;1;f;ULOSTE;NO;NO;f;NO;NO;NO;NO;NO;NO;NO;NO;NO;NO;NO;NO;NO;NO
47169;1;f;JALKI;YES;VOLUNTARY;f;VOLUNTARY;VOLUNTARY;VOLUNTARY;NO;NO;NO;NO;NO;NO;NO;NO;NO;NO;NO
47169;1;f;AANI;YES;VOLUNTARY;f;VOLUNTARY;NO;NO;NO;NO;NO;NO;NO;NO;NO;NO;NO;NO;NO
47180;1;f;MUU;VOLUNTARY;VOLUNTARY;f;VOLUNTARY;NO;NO;NO;NO;NO;NO;NO;NO;NO;NO;NO;NO;NO
47180;1;f;KOIRAN_RIISTATYO;YES;VOLUNTARY;f;VOLUNTARY;VOLUNTARY;VOLUNTARY;NO;VOLUNTARY;NO;VOLUNTARY;NO;NO;NO;NO;NO;NO;NO
47180;1;f;AANI;YES;VOLUNTARY;f;VOLUNTARY;NO;NO;NO;NO;NO;NO;NO;NO;NO;NO;NO;NO;NO
47180;1;f;JALKI;YES;VOLUNTARY;f;VOLUNTARY;VOLUNTARY;VOLUNTARY;NO;NO;NO;NO;NO;NO;NO;NO;NO;NO;NO
47180;1;f;ULOSTE;NO;NO;f;NO;NO;NO;NO;NO;NO;NO;NO;NO;NO;NO;NO;NO;NO
47180;1;f;SYONNOS;NO;NO;f;NO;NO;NO;NO;NO;NO;NO;NO;NO;NO;NO;NO;NO;NO
47180;1;f;PESA;NO;NO;f;NO;NO;NO;NO;NO;NO;NO;NO;NO;NO;NO;NO;NO;NO
47180;1;f;LUOLASTO;NO;NO;f;NO;NO;NO;NO;NO;NO;NO;NO;NO;NO;NO;NO;NO;NO
47180;1;f;RIISTANKULKUPAIKKA;NO;NO;f;NO;NO;NO;NO;NO;NO;NO;NO;NO;NO;NO;NO;NO;NO
47180;1;f;NAKO;YES;VOLUNTARY;f;VOLUNTARY;VOLUNTARY;VOLUNTARY;NO;VOLUNTARY;NO;VOLUNTARY;NO;NO;NO;NO;NO;NO;NO
47180;1;f;RIISTAKAMERA;YES;VOLUNTARY;f;VOLUNTARY;VOLUNTARY;NO;NO;VOLUNTARY;NO;VOLUNTARY;NO;NO;NO;NO;NO;NO;NO
47212;1;f;AANI;YES;VOLUNTARY;t;VOLUNTARY;NO;NO;NO;NO;NO;NO;NO;NO;NO;NO;NO;NO;NO
47212;1;f;PESA;NO;NO;f;NO;NO;NO;NO;NO;NO;NO;NO;NO;NO;NO;NO;NO;NO
47212;1;f;SYONNOS;NO;NO;f;NO;NO;NO;NO;NO;NO;NO;NO;NO;NO;NO;NO;NO;NO
47212;1;t;NAKO;YES;VOLUNTARY;t;VOLUNTARY;VOLUNTARY;VOLUNTARY;VOLUNTARY;VOLUNTARY;NO;VOLUNTARY;NO;NO;NO;NO;NO;NO;NO
47212;1;f;NAKO;YES;VOLUNTARY;t;VOLUNTARY;VOLUNTARY;VOLUNTARY;VOLUNTARY;VOLUNTARY;NO;VOLUNTARY;NO;NO;NO;NO;NO;NO;NO
47212;1;f;RIISTAKAMERA;YES;VOLUNTARY;t;VOLUNTARY;VOLUNTARY;NO;NO;VOLUNTARY;NO;VOLUNTARY;NO;NO;NO;NO;NO;NO;NO
47212;1;f;ULOSTE;NO;NO;f;NO;NO;NO;NO;NO;NO;NO;NO;NO;NO;NO;NO;NO;NO
47212;1;f;KOIRAN_RIISTATYO;YES;VOLUNTARY;t;VOLUNTARY;VOLUNTARY;VOLUNTARY;VOLUNTARY;VOLUNTARY;NO;VOLUNTARY;NO;NO;NO;NO;NO;NO;NO
47212;1;f;MUU;VOLUNTARY;VOLUNTARY;f;VOLUNTARY;NO;NO;NO;NO;NO;NO;NO;NO;NO;NO;NO;NO;NO
47212;1;f;LUOLASTO;NO;NO;f;NO;NO;NO;NO;NO;NO;NO;NO;NO;NO;NO;NO;NO;NO
47212;1;f;HAASKA;NO;NO;f;NO;NO;NO;NO;NO;NO;NO;NO;NO;NO;NO;NO;NO;NO
47212;1;f;RIISTANKULKUPAIKKA;NO;NO;f;NO;NO;NO;NO;NO;NO;NO;NO;NO;NO;NO;NO;NO;NO
47212;1;f;MAKUUPAIKKA;NO;NO;f;NO;NO;NO;NO;NO;NO;NO;NO;NO;NO;NO;NO;NO;NO
47212;1;t;JALKI;YES;VOLUNTARY;t;VOLUNTARY;VOLUNTARY;VOLUNTARY;VOLUNTARY;NO;NO;NO;NO;NO;NO;NO;NO;NO;NO
47212;1;f;JALKI;YES;VOLUNTARY;t;VOLUNTARY;VOLUNTARY;VOLUNTARY;VOLUNTARY;NO;NO;NO;NO;NO;NO;NO;NO;NO;NO
47223;1;f;PESA;NO;NO;f;NO;NO;NO;NO;NO;NO;NO;NO;NO;NO;NO;NO;NO;NO
47223;1;f;SYONNOS;NO;NO;f;NO;NO;NO;NO;NO;NO;NO;NO;NO;NO;NO;NO;NO;NO
47223;1;f;ULOSTE;NO;NO;f;NO;NO;NO;NO;NO;NO;NO;NO;NO;NO;NO;NO;NO;NO
47223;1;f;MUU;VOLUNTARY;VOLUNTARY;f;VOLUNTARY;NO;NO;NO;NO;NO;NO;NO;NO;NO;NO;NO;NO;NO
47223;1;f;AANI;YES;VOLUNTARY;f;VOLUNTARY;NO;NO;NO;NO;NO;NO;NO;NO;NO;NO;NO;NO;NO
47223;1;f;RIISTAKAMERA;YES;VOLUNTARY;f;VOLUNTARY;VOLUNTARY;NO;NO;VOLUNTARY;NO;VOLUNTARY;NO;NO;NO;NO;NO;NO;NO
47223;1;f;JALKI;YES;VOLUNTARY;f;VOLUNTARY;VOLUNTARY;VOLUNTARY;NO;NO;NO;NO;NO;NO;NO;NO;NO;NO;NO
47223;1;f;NAKO;YES;VOLUNTARY;f;VOLUNTARY;VOLUNTARY;VOLUNTARY;NO;VOLUNTARY;NO;VOLUNTARY;NO;NO;NO;NO;NO;NO;NO
47223;1;f;KOIRAN_RIISTATYO;YES;VOLUNTARY;f;VOLUNTARY;VOLUNTARY;VOLUNTARY;NO;VOLUNTARY;NO;VOLUNTARY;NO;NO;NO;NO;NO;NO;NO
47223;1;f;RIISTANKULKUPAIKKA;NO;NO;f;NO;NO;NO;NO;NO;NO;NO;NO;NO;NO;NO;NO;NO;NO
47230;1;f;NAKO;YES;VOLUNTARY;f;VOLUNTARY;VOLUNTARY;VOLUNTARY;NO;VOLUNTARY;NO;VOLUNTARY;NO;NO;NO;NO;NO;NO;NO
47230;1;f;AANI;YES;VOLUNTARY;f;VOLUNTARY;NO;NO;NO;NO;NO;NO;NO;NO;NO;NO;NO;NO;NO
47230;1;f;KOIRAN_RIISTATYO;YES;VOLUNTARY;f;VOLUNTARY;VOLUNTARY;VOLUNTARY;NO;VOLUNTARY;NO;VOLUNTARY;NO;NO;NO;NO;NO;NO;NO
47230;1;f;ULOSTE;NO;NO;f;NO;NO;NO;NO;NO;NO;NO;NO;NO;NO;NO;NO;NO;NO
47230;1;f;SYONNOS;NO;NO;f;NO;NO;NO;NO;NO;NO;NO;NO;NO;NO;NO;NO;NO;NO
47230;1;f;PESA;NO;NO;f;NO;NO;NO;NO;NO;NO;NO;NO;NO;NO;NO;NO;NO;NO
47230;1;f;RIISTANKULKUPAIKKA;NO;NO;f;NO;NO;NO;NO;NO;NO;NO;NO;NO;NO;NO;NO;NO;NO
47230;1;f;MUU;VOLUNTARY;VOLUNTARY;f;VOLUNTARY;NO;NO;NO;NO;NO;NO;NO;NO;NO;NO;NO;NO;NO
47230;1;f;RIISTAKAMERA;YES;VOLUNTARY;f;VOLUNTARY;VOLUNTARY;NO;NO;VOLUNTARY;NO;VOLUNTARY;NO;NO;NO;NO;NO;NO;NO
47230;1;f;JALKI;YES;VOLUNTARY;f;VOLUNTARY;VOLUNTARY;VOLUNTARY;NO;NO;NO;NO;NO;NO;NO;NO;NO;NO;NO
47240;1;f;RIISTAKAMERA;YES;VOLUNTARY;f;VOLUNTARY;VOLUNTARY;NO;NO;VOLUNTARY;NO;VOLUNTARY;NO;NO;NO;NO;NO;NO;NO
47240;1;f;MUU;VOLUNTARY;VOLUNTARY;f;VOLUNTARY;NO;NO;NO;NO;NO;NO;NO;NO;NO;NO;NO;NO;NO
47240;1;f;AANI;YES;VOLUNTARY;f;VOLUNTARY;NO;NO;NO;NO;NO;NO;NO;NO;NO;NO;NO;NO;NO
47240;1;f;RIISTANKULKUPAIKKA;NO;NO;f;NO;NO;NO;NO;NO;NO;NO;NO;NO;NO;NO;NO;NO;NO
47240;1;f;KOIRAN_RIISTATYO;YES;VOLUNTARY;f;VOLUNTARY;VOLUNTARY;VOLUNTARY;NO;VOLUNTARY;NO;VOLUNTARY;NO;NO;NO;NO;NO;NO;NO
47240;1;f;ULOSTE;NO;NO;f;NO;NO;NO;NO;NO;NO;NO;NO;NO;NO;NO;NO;NO;NO
47240;1;f;JALKI;YES;VOLUNTARY;f;VOLUNTARY;VOLUNTARY;VOLUNTARY;NO;NO;NO;NO;NO;NO;NO;NO;NO;NO;NO
47240;1;f;PESA;NO;NO;f;NO;NO;NO;NO;NO;NO;NO;NO;NO;NO;NO;NO;NO;NO
47240;1;f;SYONNOS;NO;NO;f;NO;NO;NO;NO;NO;NO;NO;NO;NO;NO;NO;NO;NO;NO
47240;1;f;NAKO;YES;VOLUNTARY;f;VOLUNTARY;VOLUNTARY;VOLUNTARY;NO;VOLUNTARY;NO;VOLUNTARY;NO;NO;NO;NO;NO;NO;NO
47243;1;f;JALKI;YES;VOLUNTARY;f;VOLUNTARY;VOLUNTARY;VOLUNTARY;NO;NO;NO;NO;NO;NO;NO;NO;NO;NO;NO
47243;1;f;MUU;VOLUNTARY;VOLUNTARY;f;VOLUNTARY;NO;NO;NO;NO;NO;NO;NO;NO;NO;NO;NO;NO;NO
47243;1;f;NAKO;YES;VOLUNTARY;f;VOLUNTARY;VOLUNTARY;VOLUNTARY;NO;VOLUNTARY;NO;VOLUNTARY;NO;NO;NO;NO;NO;NO;NO
47243;1;f;RIISTAKAMERA;YES;VOLUNTARY;f;VOLUNTARY;VOLUNTARY;NO;NO;VOLUNTARY;NO;VOLUNTARY;NO;NO;NO;NO;NO;NO;NO
47243;1;f;AANI;YES;VOLUNTARY;f;VOLUNTARY;NO;NO;NO;NO;NO;NO;NO;NO;NO;NO;NO;NO;NO
47243;1;f;KOIRAN_RIISTATYO;YES;VOLUNTARY;f;VOLUNTARY;VOLUNTARY;VOLUNTARY;NO;VOLUNTARY;NO;VOLUNTARY;NO;NO;NO;NO;NO;NO;NO
47243;1;f;RIISTANKULKUPAIKKA;NO;NO;f;NO;NO;NO;NO;NO;NO;NO;NO;NO;NO;NO;NO;NO;NO
47243;1;f;PESA;NO;NO;f;NO;NO;NO;NO;NO;NO;NO;NO;NO;NO;NO;NO;NO;NO
47243;1;f;SYONNOS;NO;NO;f;NO;NO;NO;NO;NO;NO;NO;NO;NO;NO;NO;NO;NO;NO
47243;1;f;ULOSTE;NO;NO;f;NO;NO;NO;NO;NO;NO;NO;NO;NO;NO;NO;NO;NO;NO
47282;1;f;LEPAILYLUOTO;NO;NO;f;NO;NO;NO;NO;NO;NO;NO;NO;NO;NO;NO;NO;NO;NO
47282;1;f;ULOSTE;NO;NO;f;NO;NO;NO;NO;NO;NO;NO;NO;NO;NO;NO;NO;NO;NO
47282;1;f;KOIRAN_RIISTATYO;YES;VOLUNTARY;f;VOLUNTARY;VOLUNTARY;VOLUNTARY;NO;VOLUNTARY;NO;NO;NO;NO;NO;NO;NO;NO;NO
47282;1;f;JALKI;YES;VOLUNTARY;f;VOLUNTARY;VOLUNTARY;VOLUNTARY;NO;NO;NO;NO;NO;NO;NO;NO;NO;NO;NO
47282;1;f;AANI;YES;VOLUNTARY;f;VOLUNTARY;NO;NO;NO;NO;NO;NO;NO;NO;NO;NO;NO;NO;NO
47282;1;f;MUU;VOLUNTARY;VOLUNTARY;f;VOLUNTARY;NO;NO;NO;NO;NO;NO;NO;NO;NO;NO;NO;NO;NO
47282;1;f;PESIMALUOTO;NO;NO;f;NO;NO;NO;NO;NO;NO;NO;NO;NO;NO;NO;NO;NO;NO
47282;1;f;PESA;NO;NO;f;NO;NO;NO;NO;NO;NO;NO;NO;NO;NO;NO;NO;NO;NO
47282;1;f;SYONNOS;NO;NO;f;NO;NO;NO;NO;NO;NO;NO;NO;NO;NO;NO;NO;NO;NO
47282;1;f;NAKO;YES;VOLUNTARY;f;VOLUNTARY;VOLUNTARY;VOLUNTARY;NO;VOLUNTARY;NO;NO;NO;NO;NO;NO;NO;NO;NO
47282;1;f;RIISTAKAMERA;YES;VOLUNTARY;f;VOLUNTARY;VOLUNTARY;NO;NO;VOLUNTARY;NO;NO;NO;NO;NO;NO;NO;NO;NO
47305;1;f;JALKI;YES;VOLUNTARY;f;VOLUNTARY;VOLUNTARY;VOLUNTARY;NO;NO;NO;NO;NO;NO;NO;NO;NO;NO;NO
47305;1;f;PESIMALUOTO;NO;NO;f;NO;NO;NO;NO;NO;NO;NO;NO;NO;NO;NO;NO;NO;NO
47305;1;f;KOIRAN_RIISTATYO;YES;VOLUNTARY;f;VOLUNTARY;VOLUNTARY;VOLUNTARY;NO;VOLUNTARY;NO;NO;NO;NO;NO;NO;NO;NO;NO
47305;1;f;AANI;YES;VOLUNTARY;f;VOLUNTARY;NO;NO;NO;NO;NO;NO;NO;NO;NO;NO;NO;NO;NO
47305;1;f;MUU;VOLUNTARY;VOLUNTARY;f;VOLUNTARY;NO;NO;NO;NO;NO;NO;NO;NO;NO;NO;NO;NO;NO
47305;1;f;ULOSTE;NO;NO;f;NO;NO;NO;NO;NO;NO;NO;NO;NO;NO;NO;NO;NO;NO
47305;1;f;SYONNOS;NO;NO;f;NO;NO;NO;NO;NO;NO;NO;NO;NO;NO;NO;NO;NO;NO
47305;1;f;PESA;NO;NO;f;NO;NO;NO;NO;NO;NO;NO;NO;NO;NO;NO;NO;NO;NO
47305;1;f;LEPAILYLUOTO;NO;NO;f;NO;NO;NO;NO;NO;NO;NO;NO;NO;NO;NO;NO;NO;NO
47305;1;f;NAKO;YES;VOLUNTARY;f;VOLUNTARY;VOLUNTARY;VOLUNTARY;NO;VOLUNTARY;NO;NO;NO;NO;NO;NO;NO;NO;NO
47305;1;f;RIISTAKAMERA;YES;VOLUNTARY;f;VOLUNTARY;VOLUNTARY;NO;NO;VOLUNTARY;NO;NO;NO;NO;NO;NO;NO;NO;NO
47329;1;f;RIISTAKAMERA;YES;VOLUNTARY;f;VOLUNTARY;VOLUNTARY;NO;NO;VOLUNTARY;NO;VOLUNTARY;NO;NO;NO;NO;NO;NO;NO
47329;1;f;NAKO;YES;VOLUNTARY;f;VOLUNTARY;VOLUNTARY;VOLUNTARY;NO;VOLUNTARY;NO;VOLUNTARY;NO;NO;NO;NO;NO;NO;NO
47329;1;f;AANI;YES;VOLUNTARY;f;VOLUNTARY;NO;NO;NO;NO;NO;NO;NO;NO;NO;NO;NO;NO;NO
47329;1;f;SYONNOS;NO;NO;f;NO;NO;NO;NO;NO;NO;NO;NO;NO;NO;NO;NO;NO;NO
47329;1;f;PESA;NO;NO;f;NO;NO;NO;NO;NO;NO;NO;NO;NO;NO;NO;NO;NO;NO
47329;1;f;MUU;VOLUNTARY;VOLUNTARY;f;VOLUNTARY;NO;NO;NO;NO;NO;NO;NO;NO;NO;NO;NO;NO;NO
47329;1;f;JALKI;YES;VOLUNTARY;f;VOLUNTARY;VOLUNTARY;VOLUNTARY;NO;NO;NO;NO;NO;NO;NO;NO;NO;NO;NO
47329;1;f;RIISTANKULKUPAIKKA;NO;NO;f;NO;NO;NO;NO;NO;NO;NO;NO;NO;NO;NO;NO;NO;NO
47329;1;f;KOIRAN_RIISTATYO;YES;VOLUNTARY;f;VOLUNTARY;VOLUNTARY;VOLUNTARY;NO;VOLUNTARY;NO;VOLUNTARY;NO;NO;NO;NO;NO;NO;NO
47329;1;f;ULOSTE;NO;NO;f;NO;NO;NO;NO;NO;NO;NO;NO;NO;NO;NO;NO;NO;NO
47348;1;f;PESA;NO;NO;f;NO;NO;NO;NO;NO;NO;NO;NO;NO;NO;NO;NO;NO;NO
47348;1;f;AANI;YES;VOLUNTARY;t;VOLUNTARY;NO;NO;NO;NO;NO;NO;NO;NO;NO;NO;NO;NO;NO
47348;1;f;MUU;VOLUNTARY;VOLUNTARY;f;VOLUNTARY;NO;NO;NO;NO;NO;NO;NO;NO;NO;NO;NO;NO;NO
47348;1;f;JALKI;YES;VOLUNTARY;t;VOLUNTARY;VOLUNTARY;VOLUNTARY;VOLUNTARY;NO;NO;NO;NO;NO;NO;NO;NO;NO;NO
47348;1;t;JALKI;YES;VOLUNTARY;t;VOLUNTARY;VOLUNTARY;VOLUNTARY;VOLUNTARY;NO;NO;NO;NO;NO;NO;NO;NO;NO;NO
47348;1;f;RIISTAKAMERA;YES;VOLUNTARY;t;VOLUNTARY;VOLUNTARY;NO;NO;VOLUNTARY;NO;VOLUNTARY;NO;NO;NO;NO;NO;NO;NO
47348;1;f;NAKO;YES;VOLUNTARY;t;VOLUNTARY;VOLUNTARY;VOLUNTARY;VOLUNTARY;VOLUNTARY;NO;VOLUNTARY;NO;NO;NO;NO;NO;NO;NO
47348;1;t;NAKO;YES;VOLUNTARY;t;VOLUNTARY;VOLUNTARY;VOLUNTARY;VOLUNTARY;VOLUNTARY;NO;VOLUNTARY;NO;NO;NO;NO;NO;NO;NO
47348;1;f;MAKUUPAIKKA;NO;NO;f;NO;NO;NO;NO;NO;NO;NO;NO;NO;NO;NO;NO;NO;NO
47348;1;f;RIISTANKULKUPAIKKA;NO;NO;f;NO;NO;NO;NO;NO;NO;NO;NO;NO;NO;NO;NO;NO;NO
47348;1;f;SYONNOS;NO;NO;f;NO;NO;NO;NO;NO;NO;NO;NO;NO;NO;NO;NO;NO;NO
47348;1;f;HAASKA;NO;NO;f;NO;NO;NO;NO;NO;NO;NO;NO;NO;NO;NO;NO;NO;NO
47348;1;f;ULOSTE;NO;NO;f;NO;NO;NO;NO;NO;NO;NO;NO;NO;NO;NO;NO;NO;NO
47348;1;f;KOIRAN_RIISTATYO;YES;VOLUNTARY;t;VOLUNTARY;VOLUNTARY;VOLUNTARY;VOLUNTARY;VOLUNTARY;NO;VOLUNTARY;NO;NO;NO;NO;NO;NO;NO
47476;1;f;AANI;YES;VOLUNTARY;f;VOLUNTARY;NO;NO;NO;NO;NO;NO;NO;NO;NO;NO;NO;NO;NO
47476;1;f;KIIMAKUOPPA;NO;NO;f;NO;NO;NO;NO;NO;NO;NO;NO;NO;NO;NO;NO;NO;NO
47476;1;f;MAKUUPAIKKA;NO;NO;f;NO;NO;NO;NO;NO;NO;NO;NO;NO;NO;NO;NO;NO;NO
47476;1;f;MUU;VOLUNTARY;VOLUNTARY;f;VOLUNTARY;NO;NO;NO;NO;NO;NO;NO;NO;NO;NO;NO;NO;NO
47476;1;f;SYONNOS;NO;NO;f;NO;NO;NO;NO;NO;NO;NO;NO;NO;NO;NO;NO;NO;NO
47476;1;f;ULOSTE;NO;NO;f;NO;NO;NO;NO;NO;NO;NO;NO;NO;NO;NO;NO;NO;NO
47476;1;f;RIISTANKULKUPAIKKA;NO;NO;f;NO;NO;NO;NO;NO;NO;NO;NO;NO;NO;NO;NO;NO;NO
47476;1;f;KOIRAN_RIISTATYO;YES;VOLUNTARY;f;VOLUNTARY;VOLUNTARY;VOLUNTARY;NO;VOLUNTARY;NO;VOLUNTARY;NO;NO;NO;NO;NO;NO;NO
47476;1;f;JALKI;YES;VOLUNTARY;f;VOLUNTARY;VOLUNTARY;VOLUNTARY;NO;NO;NO;NO;NO;NO;NO;NO;NO;NO;NO
47476;1;f;NAKO;YES;VOLUNTARY;f;VOLUNTARY;VOLUNTARY;VOLUNTARY;NO;VOLUNTARY;NO;VOLUNTARY;NO;NO;NO;NO;NO;NO;NO
47476;1;f;RIISTAKAMERA;YES;VOLUNTARY;f;VOLUNTARY;VOLUNTARY;NO;NO;VOLUNTARY;NO;VOLUNTARY;NO;NO;NO;NO;NO;NO;NO
47476;1;f;KELOMISPUU;NO;NO;f;NO;NO;NO;NO;NO;NO;NO;NO;NO;NO;NO;NO;NO;NO
47479;1;f;JALKI;YES;VOLUNTARY;f;VOLUNTARY;VOLUNTARY;VOLUNTARY;NO;NO;NO;NO;NO;NO;NO;NO;NO;NO;NO
47479;1;f;KOIRAN_RIISTATYO;YES;VOLUNTARY;f;VOLUNTARY;VOLUNTARY;VOLUNTARY;NO;VOLUNTARY;NO;VOLUNTARY;NO;NO;NO;NO;NO;NO;NO
47479;1;f;RIISTANKULKUPAIKKA;NO;NO;f;NO;NO;NO;NO;NO;NO;NO;NO;NO;NO;NO;NO;NO;NO
47479;1;f;KELOMISPUU;NO;NO;f;NO;NO;NO;NO;NO;NO;NO;NO;NO;NO;NO;NO;NO;NO
47479;1;f;KIIMAKUOPPA;NO;NO;f;NO;NO;NO;NO;NO;NO;NO;NO;NO;NO;NO;NO;NO;NO
47479;1;f;MAKUUPAIKKA;NO;NO;f;NO;NO;NO;NO;NO;NO;NO;NO;NO;NO;NO;NO;NO;NO
47479;1;f;SYONNOS;NO;NO;f;NO;NO;NO;NO;NO;NO;NO;NO;NO;NO;NO;NO;NO;NO
47479;1;f;MUU;VOLUNTARY;VOLUNTARY;f;VOLUNTARY;NO;NO;NO;NO;NO;NO;NO;NO;NO;NO;NO;NO;NO
47479;1;f;ULOSTE;NO;NO;f;NO;NO;NO;NO;NO;NO;NO;NO;NO;NO;NO;NO;NO;NO
47479;1;f;NAKO;YES;VOLUNTARY;f;VOLUNTARY;VOLUNTARY;VOLUNTARY;NO;VOLUNTARY;NO;VOLUNTARY;NO;NO;NO;NO;NO;NO;NO
47479;1;f;RIISTAKAMERA;YES;VOLUNTARY;f;VOLUNTARY;VOLUNTARY;NO;NO;VOLUNTARY;NO;VOLUNTARY;NO;NO;NO;NO;NO;NO;NO
47479;1;f;AANI;YES;VOLUNTARY;f;VOLUNTARY;NO;NO;NO;NO;NO;NO;NO;NO;NO;NO;NO;NO;NO
47484;1;f;MUU;VOLUNTARY;VOLUNTARY;f;VOLUNTARY;NO;NO;NO;NO;NO;NO;NO;NO;NO;NO;NO;NO;NO
47484;1;f;AANI;YES;VOLUNTARY;f;VOLUNTARY;NO;NO;NO;NO;NO;NO;NO;NO;NO;NO;NO;NO;NO
47484;1;f;RIISTANKULKUPAIKKA;NO;NO;f;NO;NO;NO;NO;NO;NO;NO;NO;NO;NO;NO;NO;NO;NO
47484;1;f;SYONNOS;NO;NO;f;NO;NO;NO;NO;NO;NO;NO;NO;NO;NO;NO;NO;NO;NO
47484;1;f;ULOSTE;NO;NO;f;NO;NO;NO;NO;NO;NO;NO;NO;NO;NO;NO;NO;NO;NO
47484;1;f;JALKI;YES;VOLUNTARY;f;VOLUNTARY;VOLUNTARY;VOLUNTARY;NO;NO;NO;NO;NO;NO;NO;NO;NO;NO;NO
47484;1;f;MAKUUPAIKKA;NO;NO;f;NO;NO;NO;NO;NO;NO;NO;NO;NO;NO;NO;NO;NO;NO
47484;1;f;KIIMAKUOPPA;NO;NO;f;NO;NO;NO;NO;NO;NO;NO;NO;NO;NO;NO;NO;NO;NO
47484;1;f;KELOMISPUU;NO;NO;f;NO;NO;NO;NO;NO;NO;NO;NO;NO;NO;NO;NO;NO;NO
47484;1;t;NAKO;NO;VOLUNTARY;f;VOLUNTARY;VOLUNTARY;VOLUNTARY;NO;VOLUNTARY;NO;VOLUNTARY;YES;YES;YES;YES;YES;YES;YES
47484;1;f;RIISTAKAMERA;YES;VOLUNTARY;f;VOLUNTARY;VOLUNTARY;NO;NO;VOLUNTARY;NO;VOLUNTARY;NO;NO;NO;NO;NO;NO;NO
47484;1;f;NAKO;YES;VOLUNTARY;f;VOLUNTARY;VOLUNTARY;VOLUNTARY;NO;VOLUNTARY;NO;VOLUNTARY;NO;NO;NO;NO;NO;NO;NO
47484;1;f;KOIRAN_RIISTATYO;YES;VOLUNTARY;f;VOLUNTARY;VOLUNTARY;VOLUNTARY;NO;VOLUNTARY;NO;VOLUNTARY;NO;NO;NO;NO;NO;NO;NO
47503;1;f;NAKO;YES;VOLUNTARY;f;VOLUNTARY;VOLUNTARY;VOLUNTARY;NO;VOLUNTARY;NO;VOLUNTARY;NO;NO;NO;NO;NO;NO;NO
47503;1;f;JALKI;YES;VOLUNTARY;f;VOLUNTARY;VOLUNTARY;VOLUNTARY;NO;NO;NO;NO;NO;NO;NO;NO;NO;NO;NO
47503;1;f;RIISTANKULKUPAIKKA;NO;NO;f;NO;NO;NO;NO;NO;NO;NO;NO;NO;NO;NO;NO;NO;NO
47503;1;f;MUU;VOLUNTARY;VOLUNTARY;f;VOLUNTARY;NO;NO;NO;NO;NO;NO;NO;NO;NO;NO;NO;NO;NO
47503;1;f;AANI;YES;VOLUNTARY;f;VOLUNTARY;NO;NO;NO;NO;NO;NO;NO;NO;NO;NO;NO;NO;NO
47503;1;f;KELOMISPUU;NO;NO;f;NO;NO;NO;NO;NO;NO;NO;NO;NO;NO;NO;NO;NO;NO
47503;1;t;NAKO;NO;NO;f;NO;NO;NO;NO;NO;NO;NO;YES;YES;YES;YES;YES;NO;YES
47503;1;f;KIIMAKUOPPA;NO;NO;f;NO;NO;NO;NO;NO;NO;NO;NO;NO;NO;NO;NO;NO;NO
47503;1;f;ULOSTE;NO;NO;f;NO;NO;NO;NO;NO;NO;NO;NO;NO;NO;NO;NO;NO;NO
47503;1;f;SYONNOS;NO;NO;f;NO;NO;NO;NO;NO;NO;NO;NO;NO;NO;NO;NO;NO;NO
47503;1;f;MAKUUPAIKKA;NO;NO;f;NO;NO;NO;NO;NO;NO;NO;NO;NO;NO;NO;NO;NO;NO
47503;1;f;RIISTAKAMERA;YES;VOLUNTARY;f;VOLUNTARY;VOLUNTARY;NO;NO;VOLUNTARY;NO;VOLUNTARY;NO;NO;NO;NO;NO;NO;NO
47503;1;f;KOIRAN_RIISTATYO;YES;VOLUNTARY;f;VOLUNTARY;NO;NO;NO;NO;NO;NO;NO;NO;NO;NO;NO;NO;NO
47507;1;f;RIISTANKULKUPAIKKA;NO;NO;f;NO;NO;NO;NO;NO;NO;NO;NO;NO;NO;NO;NO;NO;NO
47507;1;f;SYONNOS;NO;NO;f;NO;NO;NO;NO;NO;NO;NO;NO;NO;NO;NO;NO;NO;NO
47507;1;f;KIIMAKUOPPA;NO;NO;f;NO;NO;NO;NO;NO;NO;NO;NO;NO;NO;NO;NO;NO;NO
47507;1;f;KELOMISPUU;NO;NO;f;NO;NO;NO;NO;NO;NO;NO;NO;NO;NO;NO;NO;NO;NO
47507;1;f;MAKUUPAIKKA;NO;NO;f;NO;NO;NO;NO;NO;NO;NO;NO;NO;NO;NO;NO;NO;NO
47507;1;t;NAKO;NO;NO;f;NO;NO;NO;NO;NO;NO;NO;YES;YES;YES;YES;YES;YES;YES
47507;1;f;AANI;YES;VOLUNTARY;f;VOLUNTARY;NO;NO;NO;NO;NO;NO;NO;NO;NO;NO;NO;NO;NO
47507;1;f;KOIRAN_RIISTATYO;YES;VOLUNTARY;f;VOLUNTARY;NO;NO;NO;NO;NO;NO;NO;NO;NO;NO;NO;NO;NO
47507;1;f;ULOSTE;NO;NO;f;NO;NO;NO;NO;NO;NO;NO;NO;NO;NO;NO;NO;NO;NO
47507;1;f;JALKI;YES;VOLUNTARY;f;VOLUNTARY;VOLUNTARY;VOLUNTARY;NO;NO;NO;NO;NO;NO;NO;NO;NO;NO;NO
47507;1;f;MUU;VOLUNTARY;VOLUNTARY;f;VOLUNTARY;NO;NO;NO;NO;NO;NO;NO;NO;NO;NO;NO;NO;NO
47507;1;f;RIISTAKAMERA;YES;VOLUNTARY;f;VOLUNTARY;VOLUNTARY;NO;NO;VOLUNTARY;NO;VOLUNTARY;NO;NO;NO;NO;NO;NO;NO
47507;1;f;NAKO;YES;VOLUNTARY;f;VOLUNTARY;VOLUNTARY;VOLUNTARY;NO;VOLUNTARY;NO;VOLUNTARY;NO;NO;NO;NO;NO;NO;NO
47629;1;f;KELOMISPUU;NO;NO;f;NO;NO;NO;NO;NO;NO;NO;NO;NO;NO;NO;NO;NO;NO
47629;1;f;SYONNOS;NO;NO;f;NO;NO;NO;NO;NO;NO;NO;NO;NO;NO;NO;NO;NO;NO
47629;1;f;ULOSTE;NO;NO;f;NO;NO;NO;NO;NO;NO;NO;NO;NO;NO;NO;NO;NO;NO
47629;1;f;AANI;YES;VOLUNTARY;f;VOLUNTARY;NO;NO;NO;NO;NO;NO;NO;NO;NO;NO;NO;NO;NO
47629;1;t;NAKO;NO;VOLUNTARY;f;VOLUNTARY;VOLUNTARY;VOLUNTARY;NO;VOLUNTARY;NO;VOLUNTARY;YES;YES;YES;YES;YES;YES;YES
47629;1;f;MAKUUPAIKKA;NO;NO;f;NO;NO;NO;NO;NO;NO;NO;NO;NO;NO;NO;NO;NO;NO
47629;1;f;KOIRAN_RIISTATYO;YES;VOLUNTARY;f;VOLUNTARY;VOLUNTARY;VOLUNTARY;NO;VOLUNTARY;NO;VOLUNTARY;NO;NO;NO;NO;NO;NO;NO
47629;1;f;JALKI;YES;VOLUNTARY;f;VOLUNTARY;VOLUNTARY;VOLUNTARY;NO;NO;NO;NO;NO;NO;NO;NO;NO;NO;NO
47629;1;f;RIISTAKAMERA;YES;VOLUNTARY;f;VOLUNTARY;VOLUNTARY;NO;NO;VOLUNTARY;NO;VOLUNTARY;NO;NO;NO;NO;NO;NO;NO
47629;1;f;NAKO;YES;VOLUNTARY;f;VOLUNTARY;VOLUNTARY;VOLUNTARY;NO;VOLUNTARY;NO;VOLUNTARY;NO;NO;NO;NO;NO;NO;NO
47629;1;f;KIIMAKUOPPA;NO;NO;f;NO;NO;NO;NO;NO;NO;NO;NO;NO;NO;NO;NO;NO;NO
47629;1;f;MUU;VOLUNTARY;VOLUNTARY;f;VOLUNTARY;NO;NO;NO;NO;NO;NO;NO;NO;NO;NO;NO;NO;NO
47629;1;f;RIISTANKULKUPAIKKA;NO;NO;f;NO;NO;NO;NO;NO;NO;NO;NO;NO;NO;NO;NO;NO;NO
47774;1;f;NAKO;YES;VOLUNTARY;f;VOLUNTARY;VOLUNTARY;VOLUNTARY;NO;VOLUNTARY;NO;VOLUNTARY;NO;NO;NO;NO;NO;NO;NO
47774;1;f;JALKI;YES;VOLUNTARY;f;VOLUNTARY;VOLUNTARY;VOLUNTARY;NO;NO;NO;NO;NO;NO;NO;NO;NO;NO;NO
47774;1;f;ULOSTE;NO;NO;f;NO;NO;NO;NO;NO;NO;NO;NO;NO;NO;NO;NO;NO;NO
47774;1;f;SYONNOS;NO;NO;f;NO;NO;NO;NO;NO;NO;NO;NO;NO;NO;NO;NO;NO;NO
47774;1;f;RIISTANKULKUPAIKKA;NO;NO;f;NO;NO;NO;NO;NO;NO;NO;NO;NO;NO;NO;NO;NO;NO
47774;1;f;RIISTAKAMERA;YES;VOLUNTARY;f;VOLUNTARY;VOLUNTARY;NO;NO;VOLUNTARY;NO;VOLUNTARY;NO;NO;NO;NO;NO;NO;NO
47774;1;f;MUU;VOLUNTARY;VOLUNTARY;f;VOLUNTARY;NO;NO;NO;NO;NO;NO;NO;NO;NO;NO;NO;NO;NO
47774;1;f;KOIRAN_RIISTATYO;YES;VOLUNTARY;f;VOLUNTARY;VOLUNTARY;VOLUNTARY;NO;VOLUNTARY;NO;VOLUNTARY;NO;NO;NO;NO;NO;NO;NO
47774;1;f;AANI;YES;VOLUNTARY;f;VOLUNTARY;NO;NO;NO;NO;NO;NO;NO;NO;NO;NO;NO;NO;NO
47926;1;f;RIISTAKAMERA;YES;VOLUNTARY;f;VOLUNTARY;VOLUNTARY;NO;NO;VOLUNTARY;NO;VOLUNTARY;NO;NO;NO;NO;NO;NO;NO
47926;1;f;NAKO;YES;VOLUNTARY;f;VOLUNTARY;VOLUNTARY;VOLUNTARY;NO;VOLUNTARY;NO;VOLUNTARY;NO;NO;NO;NO;NO;NO;NO
47926;1;f;MUU;VOLUNTARY;VOLUNTARY;f;VOLUNTARY;NO;NO;NO;NO;NO;NO;NO;NO;NO;NO;NO;NO;NO
47926;1;f;AANI;YES;VOLUNTARY;f;VOLUNTARY;NO;NO;NO;NO;NO;NO;NO;NO;NO;NO;NO;NO;NO
47926;1;f;KOIRAN_RIISTATYO;YES;VOLUNTARY;f;VOLUNTARY;VOLUNTARY;VOLUNTARY;NO;VOLUNTARY;NO;VOLUNTARY;NO;NO;NO;NO;NO;NO;NO
47926;1;f;JALKI;YES;VOLUNTARY;f;VOLUNTARY;VOLUNTARY;VOLUNTARY;NO;NO;NO;NO;NO;NO;NO;NO;NO;NO;NO
47926;1;f;ULOSTE;NO;NO;f;NO;NO;NO;NO;NO;NO;NO;NO;NO;NO;NO;NO;NO;NO
47926;1;f;SYONNOS;NO;NO;f;NO;NO;NO;NO;NO;NO;NO;NO;NO;NO;NO;NO;NO;NO
47926;1;f;PESA;NO;NO;f;NO;NO;NO;NO;NO;NO;NO;NO;NO;NO;NO;NO;NO;NO
47926;1;f;RIISTANKULKUPAIKKA;NO;NO;f;NO;NO;NO;NO;NO;NO;NO;NO;NO;NO;NO;NO;NO;NO
48089;1;f;MUU;VOLUNTARY;VOLUNTARY;f;VOLUNTARY;NO;NO;NO;NO;NO;NO;NO;NO;NO;NO;NO;NO;NO
48089;1;f;AANI;YES;VOLUNTARY;f;VOLUNTARY;NO;NO;NO;NO;NO;NO;NO;NO;NO;NO;NO;NO;NO
48089;1;f;ULOSTE;NO;NO;f;NO;NO;NO;NO;NO;NO;NO;NO;NO;NO;NO;NO;NO;NO
48089;1;f;SYONNOS;NO;NO;f;NO;NO;NO;NO;NO;NO;NO;NO;NO;NO;NO;NO;NO;NO
48089;1;f;KOIRAN_RIISTATYO;YES;VOLUNTARY;f;VOLUNTARY;VOLUNTARY;VOLUNTARY;NO;VOLUNTARY;NO;VOLUNTARY;NO;NO;NO;NO;NO;NO;NO
48089;1;f;PESA;NO;NO;f;NO;NO;NO;NO;NO;NO;NO;NO;NO;NO;NO;NO;NO;NO
48089;1;f;RIISTANKULKUPAIKKA;NO;NO;f;NO;NO;NO;NO;NO;NO;NO;NO;NO;NO;NO;NO;NO;NO
48089;1;f;JALKI;YES;VOLUNTARY;f;VOLUNTARY;VOLUNTARY;VOLUNTARY;NO;NO;NO;NO;NO;NO;NO;NO;NO;NO;NO
48089;1;f;NAKO;YES;VOLUNTARY;f;VOLUNTARY;VOLUNTARY;VOLUNTARY;NO;VOLUNTARY;NO;VOLUNTARY;NO;NO;NO;NO;NO;NO;NO
48089;1;f;RIISTAKAMERA;YES;VOLUNTARY;f;VOLUNTARY;VOLUNTARY;NO;NO;VOLUNTARY;NO;VOLUNTARY;NO;NO;NO;NO;NO;NO;NO
48250;1;f;SYONNOS;NO;NO;f;NO;NO;NO;NO;NO;NO;NO;NO;NO;NO;NO;NO;NO;NO
48250;1;f;PESA;NO;NO;f;NO;NO;NO;NO;NO;NO;NO;NO;NO;NO;NO;NO;NO;NO
48250;1;f;RIISTANKULKUPAIKKA;NO;NO;f;NO;NO;NO;NO;NO;NO;NO;NO;NO;NO;NO;NO;NO;NO
48250;1;f;NAKO;YES;VOLUNTARY;f;VOLUNTARY;VOLUNTARY;VOLUNTARY;NO;NO;NO;NO;NO;NO;NO;NO;NO;NO;NO
48250;1;f;MUU;VOLUNTARY;VOLUNTARY;f;VOLUNTARY;NO;NO;NO;NO;NO;NO;NO;NO;NO;NO;NO;NO;NO
48250;1;f;KOIRAN_RIISTATYO;YES;VOLUNTARY;f;VOLUNTARY;VOLUNTARY;VOLUNTARY;NO;NO;NO;NO;NO;NO;NO;NO;NO;NO;NO
48250;1;f;RIISTAKAMERA;YES;VOLUNTARY;f;VOLUNTARY;VOLUNTARY;NO;NO;NO;NO;NO;NO;NO;NO;NO;NO;NO;NO
48250;1;f;AANI;YES;VOLUNTARY;f;VOLUNTARY;NO;NO;NO;NO;NO;NO;NO;NO;NO;NO;NO;NO;NO
48250;1;f;ULOSTE;NO;NO;f;NO;NO;NO;NO;NO;NO;NO;NO;NO;NO;NO;NO;NO;NO
48250;1;f;JALKI;YES;VOLUNTARY;f;VOLUNTARY;VOLUNTARY;VOLUNTARY;NO;NO;NO;NO;NO;NO;NO;NO;NO;NO;NO
48251;1;f;AANI;YES;VOLUNTARY;f;VOLUNTARY;NO;NO;NO;NO;NO;NO;NO;NO;NO;NO;NO;NO;NO
48251;1;f;JALKI;YES;VOLUNTARY;f;VOLUNTARY;VOLUNTARY;VOLUNTARY;NO;NO;NO;NO;NO;NO;NO;NO;NO;NO;NO
48251;1;f;NAKO;YES;VOLUNTARY;f;VOLUNTARY;VOLUNTARY;VOLUNTARY;NO;NO;NO;NO;NO;NO;NO;NO;NO;NO;NO
48251;1;f;MUU;VOLUNTARY;VOLUNTARY;f;VOLUNTARY;NO;NO;NO;NO;NO;NO;NO;NO;NO;NO;NO;NO;NO
48251;1;f;RIISTANKULKUPAIKKA;NO;NO;f;NO;NO;NO;NO;NO;NO;NO;NO;NO;NO;NO;NO;NO;NO
48251;1;f;PESA;NO;NO;f;NO;NO;NO;NO;NO;NO;NO;NO;NO;NO;NO;NO;NO;NO
48251;1;f;SYONNOS;NO;NO;f;NO;NO;NO;NO;NO;NO;NO;NO;NO;NO;NO;NO;NO;NO
48251;1;f;ULOSTE;NO;NO;f;NO;NO;NO;NO;NO;NO;NO;NO;NO;NO;NO;NO;NO;NO
48251;1;f;KOIRAN_RIISTATYO;YES;VOLUNTARY;f;VOLUNTARY;VOLUNTARY;VOLUNTARY;NO;NO;NO;NO;NO;NO;NO;NO;NO;NO;NO
48251;1;f;RIISTAKAMERA;YES;VOLUNTARY;f;VOLUNTARY;VOLUNTARY;NO;NO;NO;NO;NO;NO;NO;NO;NO;NO;NO;NO
48537;1;f;RIISTANKULKUPAIKKA;NO;NO;f;NO;NO;NO;NO;NO;NO;NO;NO;NO;NO;NO;NO;NO;NO
48537;1;f;JALKI;YES;VOLUNTARY;f;VOLUNTARY;VOLUNTARY;VOLUNTARY;NO;NO;NO;NO;NO;NO;NO;NO;NO;NO;NO
48537;1;f;RIISTAKAMERA;YES;VOLUNTARY;f;VOLUNTARY;VOLUNTARY;NO;NO;NO;NO;NO;NO;NO;NO;NO;NO;NO;NO
48537;1;f;NAKO;YES;VOLUNTARY;f;VOLUNTARY;VOLUNTARY;VOLUNTARY;NO;NO;NO;NO;NO;NO;NO;NO;NO;NO;NO
48537;1;f;KOIRAN_RIISTATYO;YES;VOLUNTARY;f;VOLUNTARY;VOLUNTARY;VOLUNTARY;NO;NO;NO;NO;NO;NO;NO;NO;NO;NO;NO
48537;1;f;MUU;VOLUNTARY;VOLUNTARY;f;VOLUNTARY;NO;NO;NO;NO;NO;NO;NO;NO;NO;NO;NO;NO;NO
48537;1;f;AANI;YES;VOLUNTARY;f;VOLUNTARY;NO;NO;NO;NO;NO;NO;NO;NO;NO;NO;NO;NO;NO
48537;1;f;ULOSTE;NO;NO;f;NO;NO;NO;NO;NO;NO;NO;NO;NO;NO;NO;NO;NO;NO
48537;1;f;SYONNOS;NO;NO;f;NO;NO;NO;NO;NO;NO;NO;NO;NO;NO;NO;NO;NO;NO
48537;1;f;PESA;NO;NO;f;NO;NO;NO;NO;NO;NO;NO;NO;NO;NO;NO;NO;NO;NO
50106;1;f;AANI;YES;VOLUNTARY;f;VOLUNTARY;NO;NO;NO;NO;NO;NO;NO;NO;NO;NO;NO;NO;NO
50106;1;f;JALKI;YES;VOLUNTARY;f;VOLUNTARY;VOLUNTARY;VOLUNTARY;NO;NO;NO;NO;NO;NO;NO;NO;NO;NO;NO
50106;1;f;RIISTANKULKUPAIKKA;NO;NO;f;NO;NO;NO;NO;NO;NO;NO;NO;NO;NO;NO;NO;NO;NO
50106;1;f;KOIRAN_RIISTATYO;YES;VOLUNTARY;f;VOLUNTARY;VOLUNTARY;VOLUNTARY;NO;VOLUNTARY;NO;VOLUNTARY;NO;NO;NO;NO;NO;NO;NO
50106;1;f;NAKO;YES;VOLUNTARY;f;VOLUNTARY;VOLUNTARY;VOLUNTARY;NO;VOLUNTARY;NO;VOLUNTARY;NO;NO;NO;NO;NO;NO;NO
50106;1;f;RIISTAKAMERA;YES;VOLUNTARY;f;VOLUNTARY;VOLUNTARY;NO;NO;VOLUNTARY;NO;VOLUNTARY;NO;NO;NO;NO;NO;NO;NO
50106;1;f;SYONNOS;NO;NO;f;NO;NO;NO;NO;NO;NO;NO;NO;NO;NO;NO;NO;NO;NO
50106;1;f;ULOSTE;NO;NO;f;NO;NO;NO;NO;NO;NO;NO;NO;NO;NO;NO;NO;NO;NO
50106;1;f;MUU;VOLUNTARY;VOLUNTARY;f;VOLUNTARY;NO;NO;NO;NO;NO;NO;NO;NO;NO;NO;NO;NO;NO
50114;1;f;RIISTANKULKUPAIKKA;NO;NO;f;NO;NO;NO;NO;NO;NO;NO;NO;NO;NO;NO;NO;NO;NO
50114;1;f;KOIRAN_RIISTATYO;YES;VOLUNTARY;f;VOLUNTARY;VOLUNTARY;VOLUNTARY;NO;VOLUNTARY;NO;VOLUNTARY;NO;NO;NO;NO;NO;NO;NO
50114;1;f;NAKO;YES;VOLUNTARY;f;VOLUNTARY;VOLUNTARY;VOLUNTARY;NO;VOLUNTARY;NO;VOLUNTARY;NO;NO;NO;NO;NO;NO;NO
50114;1;f;SYONNOS;NO;NO;f;NO;NO;NO;NO;NO;NO;NO;NO;NO;NO;NO;NO;NO;NO
50114;1;f;LUOLASTO;NO;NO;f;NO;NO;NO;NO;NO;NO;NO;NO;NO;NO;NO;NO;NO;NO
50114;1;f;RIISTAKAMERA;YES;VOLUNTARY;f;VOLUNTARY;VOLUNTARY;NO;NO;VOLUNTARY;NO;VOLUNTARY;NO;NO;NO;NO;NO;NO;NO
50114;1;f;ULOSTE;NO;NO;f;NO;NO;NO;NO;NO;NO;NO;NO;NO;NO;NO;NO;NO;NO
50114;1;f;AANI;YES;VOLUNTARY;f;VOLUNTARY;NO;NO;NO;NO;NO;NO;NO;NO;NO;NO;NO;NO;NO
50114;1;f;JALKI;YES;VOLUNTARY;f;VOLUNTARY;VOLUNTARY;VOLUNTARY;NO;NO;NO;NO;NO;NO;NO;NO;NO;NO;NO
50114;1;f;MUU;VOLUNTARY;VOLUNTARY;f;VOLUNTARY;NO;NO;NO;NO;NO;NO;NO;NO;NO;NO;NO;NO;NO
50336;1;f;KOIRAN_RIISTATYO;YES;VOLUNTARY;f;VOLUNTARY;VOLUNTARY;VOLUNTARY;NO;NO;NO;NO;NO;NO;NO;NO;NO;NO;NO
50336;1;f;AANI;YES;VOLUNTARY;f;VOLUNTARY;NO;NO;NO;NO;NO;NO;NO;NO;NO;NO;NO;NO;NO
50336;1;f;RIISTAKAMERA;YES;VOLUNTARY;f;VOLUNTARY;VOLUNTARY;NO;NO;NO;NO;NO;NO;NO;NO;NO;NO;NO;NO
50336;1;f;JALKI;YES;VOLUNTARY;f;VOLUNTARY;VOLUNTARY;VOLUNTARY;NO;NO;NO;NO;NO;NO;NO;NO;NO;NO;NO
50336;1;f;NAKO;YES;VOLUNTARY;f;VOLUNTARY;VOLUNTARY;VOLUNTARY;NO;NO;NO;NO;NO;NO;NO;NO;NO;NO;NO
50336;1;f;RIISTANKULKUPAIKKA;NO;NO;f;NO;NO;NO;NO;NO;NO;NO;NO;NO;NO;NO;NO;NO;NO
50336;1;f;SYONNOS;NO;NO;f;NO;NO;NO;NO;NO;NO;NO;NO;NO;NO;NO;NO;NO;NO
50336;1;f;MUU;VOLUNTARY;VOLUNTARY;f;VOLUNTARY;NO;NO;NO;NO;NO;NO;NO;NO;NO;NO;NO;NO;NO
50336;1;f;ULOSTE;NO;NO;f;NO;NO;NO;NO;NO;NO;NO;NO;NO;NO;NO;NO;NO;NO
50386;1;f;MUU;VOLUNTARY;VOLUNTARY;f;VOLUNTARY;NO;NO;NO;NO;NO;NO;NO;NO;NO;NO;NO;NO;NO
50386;1;f;RIISTANKULKUPAIKKA;NO;NO;f;NO;NO;NO;NO;NO;NO;NO;NO;NO;NO;NO;NO;NO;NO
50386;1;f;SYONNOS;NO;NO;f;NO;NO;NO;NO;NO;NO;NO;NO;NO;NO;NO;NO;NO;NO
50386;1;f;ULOSTE;NO;NO;f;NO;NO;NO;NO;NO;NO;NO;NO;NO;NO;NO;NO;NO;NO
50386;1;f;KOIRAN_RIISTATYO;YES;VOLUNTARY;f;VOLUNTARY;VOLUNTARY;VOLUNTARY;NO;VOLUNTARY;NO;VOLUNTARY;NO;NO;NO;NO;NO;NO;NO
50386;1;f;NAKO;YES;VOLUNTARY;f;VOLUNTARY;VOLUNTARY;VOLUNTARY;NO;VOLUNTARY;NO;VOLUNTARY;NO;NO;NO;NO;NO;NO;NO
50386;1;f;RIISTAKAMERA;YES;VOLUNTARY;f;VOLUNTARY;VOLUNTARY;NO;NO;VOLUNTARY;NO;VOLUNTARY;NO;NO;NO;NO;NO;NO;NO
50386;1;f;JALKI;YES;VOLUNTARY;f;VOLUNTARY;VOLUNTARY;VOLUNTARY;NO;NO;NO;NO;NO;NO;NO;NO;NO;NO;NO
50386;1;f;AANI;YES;VOLUNTARY;f;VOLUNTARY;NO;NO;NO;NO;NO;NO;NO;NO;NO;NO;NO;NO;NO
53004;1;f;RIISTAKAMERA;YES;VOLUNTARY;f;VOLUNTARY;VOLUNTARY;NO;NO;VOLUNTARY;NO;VOLUNTARY;NO;NO;NO;NO;NO;NO;NO
53004;1;f;NAKO;YES;VOLUNTARY;f;VOLUNTARY;VOLUNTARY;VOLUNTARY;NO;VOLUNTARY;NO;VOLUNTARY;NO;NO;NO;NO;NO;NO;NO
53004;1;f;MUU;VOLUNTARY;VOLUNTARY;f;VOLUNTARY;NO;NO;NO;NO;NO;NO;NO;NO;NO;NO;NO;NO;NO
53004;1;f;PESA;NO;NO;f;NO;NO;NO;NO;NO;NO;NO;NO;NO;NO;NO;NO;NO;NO
53004;1;f;JALKI;YES;VOLUNTARY;f;VOLUNTARY;VOLUNTARY;VOLUNTARY;NO;NO;NO;NO;NO;NO;NO;NO;NO;NO;NO
53004;1;f;AANI;YES;VOLUNTARY;f;VOLUNTARY;NO;NO;NO;NO;NO;NO;NO;NO;NO;NO;NO;NO;NO
53004;1;f;RIISTANKULKUPAIKKA;NO;NO;f;NO;NO;NO;NO;NO;NO;NO;NO;NO;NO;NO;NO;NO;NO
53004;1;f;ULOSTE;NO;NO;f;NO;NO;NO;NO;NO;NO;NO;NO;NO;NO;NO;NO;NO;NO
53004;1;f;KOIRAN_RIISTATYO;YES;VOLUNTARY;f;VOLUNTARY;VOLUNTARY;VOLUNTARY;NO;VOLUNTARY;NO;VOLUNTARY;NO;NO;NO;NO;NO;NO;NO
200535;1;f;ULOSTE;NO;NO;f;NO;NO;NO;NO;NO;NO;NO;NO;NO;NO;NO;NO;NO;NO
200535;1;f;AANI;YES;NO;f;NO;NO;NO;NO;NO;NO;NO;NO;NO;NO;NO;NO;NO;NO
200535;1;f;KOIRAN_RIISTATYO;YES;NO;f;NO;VOLUNTARY;VOLUNTARY;NO;NO;VOLUNTARY;NO;NO;NO;NO;NO;NO;NO;NO
200535;1;f;RIISTAKAMERA;YES;NO;f;NO;VOLUNTARY;NO;NO;NO;VOLUNTARY;NO;NO;NO;NO;NO;NO;NO;NO
200535;1;f;PESA;NO;NO;f;NO;NO;NO;NO;NO;NO;NO;NO;NO;NO;NO;NO;NO;NO
200535;1;f;MUU;VOLUNTARY;NO;f;NO;NO;NO;NO;NO;NO;NO;NO;NO;NO;NO;NO;NO;NO
200535;1;f;NAKO;YES;NO;f;NO;VOLUNTARY;VOLUNTARY;NO;NO;VOLUNTARY;NO;NO;NO;NO;NO;NO;NO;NO
200555;1;f;JALKI;YES;VOLUNTARY;f;VOLUNTARY;VOLUNTARY;VOLUNTARY;NO;NO;NO;NO;NO;NO;NO;NO;NO;NO;NO
200555;1;f;MUU;VOLUNTARY;VOLUNTARY;f;VOLUNTARY;NO;NO;NO;NO;NO;NO;NO;NO;NO;NO;NO;NO;NO
200555;1;f;NAKO;YES;VOLUNTARY;f;VOLUNTARY;VOLUNTARY;VOLUNTARY;NO;VOLUNTARY;NO;NO;NO;NO;NO;NO;NO;NO;NO
200555;1;f;RIISTAKAMERA;YES;VOLUNTARY;f;VOLUNTARY;VOLUNTARY;NO;NO;VOLUNTARY;NO;NO;NO;NO;NO;NO;NO;NO;NO
200555;1;f;ULOSTE;NO;NO;f;NO;NO;NO;NO;NO;NO;NO;NO;NO;NO;NO;NO;NO;NO
200555;1;f;SYONNOS;NO;NO;f;NO;NO;NO;NO;NO;NO;NO;NO;NO;NO;NO;NO;NO;NO
200555;1;f;PESA;NO;NO;f;NO;NO;NO;NO;NO;NO;NO;NO;NO;NO;NO;NO;NO;NO
200555;1;f;PESIMALUOTO;NO;NO;f;NO;NO;NO;NO;NO;NO;NO;NO;NO;NO;NO;NO;NO;NO
200555;1;f;LEPAILYLUOTO;NO;NO;f;NO;NO;NO;NO;NO;NO;NO;NO;NO;NO;NO;NO;NO;NO
200555;1;f;AANI;YES;VOLUNTARY;f;VOLUNTARY;NO;NO;NO;NO;NO;NO;NO;NO;NO;NO;NO;NO;NO
200555;1;f;KOIRAN_RIISTATYO;YES;VOLUNTARY;f;VOLUNTARY;VOLUNTARY;VOLUNTARY;NO;VOLUNTARY;NO;NO;NO;NO;NO;NO;NO;NO;NO
200556;1;f;MUU;VOLUNTARY;VOLUNTARY;f;VOLUNTARY;NO;NO;NO;NO;NO;NO;NO;NO;NO;NO;NO;NO;NO
200556;1;f;MAKUUPAIKKA;NO;NO;f;NO;NO;NO;NO;NO;NO;NO;NO;NO;NO;NO;NO;NO;NO
200556;1;f;KIIMAKUOPPA;NO;NO;f;NO;NO;NO;NO;NO;NO;NO;NO;NO;NO;NO;NO;NO;NO
200556;1;f;ULOSTE;NO;NO;f;NO;NO;NO;NO;NO;NO;NO;NO;NO;NO;NO;NO;NO;NO
200556;1;f;SYONNOS;NO;NO;f;NO;NO;NO;NO;NO;NO;NO;NO;NO;NO;NO;NO;NO;NO
200556;1;t;NAKO;NO;VOLUNTARY;f;VOLUNTARY;VOLUNTARY;VOLUNTARY;NO;VOLUNTARY;NO;VOLUNTARY;YES;YES;YES;YES;YES;YES;YES
200556;1;f;RIISTANKULKUPAIKKA;NO;NO;f;NO;NO;NO;NO;NO;NO;NO;NO;NO;NO;NO;NO;NO;NO
200556;1;f;NAKO;YES;VOLUNTARY;f;VOLUNTARY;VOLUNTARY;VOLUNTARY;NO;VOLUNTARY;NO;VOLUNTARY;NO;NO;NO;NO;NO;NO;NO
200556;1;f;RIISTAKAMERA;YES;VOLUNTARY;f;VOLUNTARY;VOLUNTARY;NO;NO;VOLUNTARY;NO;VOLUNTARY;NO;NO;NO;NO;NO;NO;NO
200556;1;f;AANI;YES;VOLUNTARY;f;VOLUNTARY;NO;NO;NO;NO;NO;NO;NO;NO;NO;NO;NO;NO;NO
200556;1;f;KOIRAN_RIISTATYO;YES;VOLUNTARY;f;VOLUNTARY;VOLUNTARY;VOLUNTARY;NO;VOLUNTARY;NO;VOLUNTARY;NO;NO;NO;NO;NO;NO;NO
200556;1;f;JALKI;YES;VOLUNTARY;f;VOLUNTARY;VOLUNTARY;VOLUNTARY;NO;NO;NO;NO;NO;NO;NO;NO;NO;NO;NO
200556;1;f;KELOMISPUU;NO;NO;f;NO;NO;NO;NO;NO;NO;NO;NO;NO;NO;NO;NO;NO;NO
